,raw_close,split_factor,adjustment,adj_close,log_return,vol_20d,momentum_20d,target_fwd5d,target_class
2023-01-30,49623.684502697244,1.0,0.5,24811.842251348622,-0.0026384911153751744,0.2167650231182764,-0.0126264359303363,-0.00483105058490732,0
2023-01-31,49107.777083856985,1.0,0.5,24553.888541928492,-0.010450814889976456,0.2122944081127467,-0.00697185808675016,0.01427566346520509,1
2023-02-01,50076.07999316779,1.0,0.5,25038.039996583895,0.019526033827148126,0.2195876296118935,0.00046286283249230564,0.0007776501484462789,1
2023-02-02,49967.992762488015,1.0,0.5,24983.996381244007,-0.002160793133620942,0.21231048803522742,-0.01678324973485701,0.00971118841053478,1
2023-02-03,49645.608826352625,1.0,0.5,24822.804413176313,-0.006472711688809696,0.1829855903049117,0.007197137236932605,0.023241510616461812,1
2023-02-06,49384.528126071855,1.0,0.5,24692.264063035927,-0.005272764699647325,0.1677222455263669,0.022158954705076894,0.06251487222786324,1
2023-02-07,49813.85102891223,1.0,0.5,24906.925514456114,0.00865589916013576,0.16982655041242178,0.028528739296044492,0.04773135563259266,1
2023-02-08,50115.03680963191,1.0,0.5,25057.518404815954,0.006028020510388643,0.16895689999175578,0.039264295044375785,0.033909087868090666,1
2023-02-09,50455.60517057732,1.0,0.5,25227.80258528866,0.00677274512846715,0.16962368636478103,0.04602881607261011,0.014593444350711998,1
2023-02-10,50812.96073515395,1.0,0.5,25406.480367576976,0.007057610517117396,0.16009347711670205,0.06624778823520572,0.017509415370507635,1
2023-02-13,52570.33837871408,1.0,0.5,26285.16918935704,0.0340005969117545,0.190548899312012,0.08612635134770841,0.0015612783215821604,1
2023-02-14,52249.19239142622,1.0,0.5,26124.59619571311,-0.006127617435135235,0.19138168460089264,0.06747684482787086,0.006167209434398342,1
2023-02-15,51843.53222856727,1.0,0.5,25921.766114283633,-0.007794247254112818,0.1953711006471374,0.05836989437151807,0.0010030533129774168,1
2023-02-16,51197.32519824538,1.0,0.5,25598.66259912269,-0.012542898388911539,0.1941494485582608,0.027801798157874202,0.0008344104874249897,1
2023-02-17,51710.50074074972,1.0,0.5,25855.25037037486,0.0099735815369133,0.1953208876356747,0.030139982144003596,0.0013795197522370381,1
2023-02-20,52652.4794142065,1.0,0.5,26326.23970710325,0.018052459862827774,0.19554728969551335,0.06145220883378322,-0.004694969686489971,0
2023-02-21,52572.4197847157,1.0,0.5,26286.20989235785,-0.0015216863223184163,0.19585813380947825,0.05385042606041779,0.0056534097954245195,1
2023-02-22,51895.56014435005,1.0,0.5,25947.780072175025,-0.012958403375533223,0.1937407280189411,0.0557201867620698,0.008403837889696883,1
2023-02-23,51240.06261111202,1.0,0.5,25620.03130555601,-0.012711541214464717,0.19632642064651662,0.028901536204021028,0.025044393736396227,1
2023-02-24,51781.88562502769,1.0,0.5,25890.942812513844,0.010518690801724517,0.1987572366949224,0.039933668738571626,0.01663614915996976,1
2023-02-27,52405.85701480216,1.0,0.5,26202.92850740108,0.01197797042410187,0.20099542569821455,0.05455013027804867,0.00837501787184437,1
2023-02-28,52870.47493781113,1.0,0.5,26435.237468905565,0.008826693159596388,0.1958129700042131,0.07382763832762151,0.013544855456826592,1
2023-03-01,52333.519712049834,1.0,0.5,26166.759856024917,-0.010207975281261383,0.19233615817199795,0.044093629219212005,0.02754694710506541,1
2023-03-02,52539.54334665751,1.0,0.5,26269.771673328756,0.003929014632234384,0.1917166628583826,0.05018343698506733,0.0345826335617005,1
2023-03-03,52650.54231507033,1.0,0.5,26325.271157535164,0.0021104462252985456,0.18878171814848158,0.05876659489917557,0.03380927510446269,1
2023-03-06,52846.60004308589,1.0,0.5,26423.300021542946,0.003716839135975647,0.18627601630464433,0.06775619873479855,0.034918455977245716,1
2023-03-07,53591.46974101281,1.0,0.5,26795.734870506403,0.013996530744579516,0.18922064284080134,0.0730968303192423,0.031136597759484606,1
2023-03-08,53795.188234940906,1.0,0.5,26897.594117470453,0.0037941163669774625,0.18901508340109888,0.07086292617583112,0.0046672517051553454,1
2023-03-09,54388.281999851606,1.0,0.5,27194.140999925803,0.010964701088870044,0.19054458104038488,0.07505488213623401,-0.01105898037451115,0
2023-03-10,54461.052545901286,1.0,0.5,27230.526272950643,0.0013370877680607407,0.19031045586440515,0.06933435938717736,-0.019530923698825666,0
2023-03-13,54724.51790838892,1.0,0.5,27362.25895419446,0.004826020008758647,0.15268479784593408,0.040159782484181505,-0.034145506631791,0
2023-03-14,55286.3756491023,1.0,0.5,27643.18782455115,0.010214672526817736,0.1521543412260982,0.05650207244613448,-0.04842044486443507,0
2023-03-15,54046.8507482716,1.0,0.5,27023.4253741358,-0.022675229687353138,0.17358856785704008,0.04162109001289416,-0.0019292850134139024,0
2023-03-16,53790.11670209724,1.0,0.5,26895.05835104862,-0.004761530990794682,0.16696518191266374,0.049402457411011014,-0.01053049495221747,0
2023-03-17,53407.69786295165,1.0,0.5,26703.848931475826,-0.007134855556254038,0.16780979237705426,0.032294020317843675,0.012126128815163359,1
2023-03-20,52887.463578685754,1.0,0.5,26443.731789342877,-0.009788562924207156,0.16058350098390048,0.004452997530808744,-0.004315198565810062,0
2023-03-21,52673.16177958239,1.0,0.5,26336.580889791196,-0.004060265705826183,0.16120087522846702,0.001914418147300978,-0.005256058894551308,0
2023-03-22,53942.67948943666,1.0,0.5,26971.33974471833,0.023815930163667787,0.1740437193997939,0.03868875168650199,-0.026236051744442258,0
2023-03-23,53226.65213700055,1.0,0.5,26613.326068500275,-0.01336274092959755,0.17478430431269443,0.038037551971369155,-0.00336835941542374,0
2023-03-24,54059.269020793334,1.0,0.5,27029.634510396667,0.015521768211126385,0.17890921121670625,0.04304062938077102,-0.007416544357001056,0
2023-03-27,52659.73537129461,1.0,0.5,26329.867685647307,-0.026229890305179637,0.20110637275637488,0.004832768651489516,0.03158020797789882,1
2023-03-28,52397.03484451672,1.0,0.5,26198.51742225836,-0.005001126034569481,0.19925861038309992,-0.008995050542676353,0.031362247799555855,1
2023-03-29,52545.84045272076,1.0,0.5,26272.92022636038,0.0028359373137778476,0.19614125276081507,0.004048862052362878,0.021517771626956544,1
2023-03-30,53047.6672540591,1.0,0.5,26523.83362702955,0.009504951399421202,0.19853043146378782,0.009624798819549696,0.025797487763437047,1
2023-03-31,53659.819154002274,1.0,0.5,26829.909577001137,0.011473583269548726,0.20229581913927952,0.018987935863799876,0.011583962023444548,1
2023-04-03,54349.278412582,1.0,0.5,27174.639206291,0.012766862029719661,0.20644596821230868,0.02803795875754389,-0.021000253751187525,0
2023-04-04,54066.36376309961,1.0,0.5,27033.181881549805,-0.005219086212910895,0.20212033727434775,0.00882234180005348,-0.03335594610333059,0
2023-04-05,53688.76231455865,1.0,0.5,26844.381157279324,-0.007008538858821467,0.20337698975357157,-0.0019803134257454502,-0.04055460223151373,0
2023-04-06,54433.96846285947,1.0,0.5,27216.984231429735,0.013784667535899686,0.20564532712280814,0.0008396530212841924,-0.04623690653096497,0
2023-04-07,54285.02665999797,1.0,0.5,27142.513329998987,-0.0027399424704430686,0.20581393583819915,-0.003237377217219617,-0.04098115208866801,0
2023-04-10,53219.830627668896,1.0,0.5,26609.915313834448,-0.019817353744912225,0.21621917490332732,-0.02788075097089049,-0.010016858676321726,0
2023-04-11,52292.67503058413,1.0,0.5,26146.337515292063,-0.01757477856505396,0.21891492833139267,-0.055670202062762186,0.0011021406276170425,1
2023-04-12,51554.9953872973,1.0,0.5,25777.49769364865,-0.014207194987003291,0.21061592787109062,-0.04720216736241234,0.01807891852447495,1
2023-04-13,51974.40951490029,1.0,0.5,25987.204757450145,0.008102363236448085,0.21359932738840173,-0.03433827313516957,0.020101495397322425,1
2023-04-14,52105.331975680936,1.0,0.5,26052.665987840468,0.0025158119718540206,0.213099046210234,-0.024687605607061514,0.012986750808178781,1
2023-04-17,52689.39618411902,1.0,0.5,26344.69809205951,0.011146939667433742,0.2149028364112288,-0.003752103015420616,0.00930616243218883,1
2023-04-18,52350.340684254705,1.0,0.5,26175.170342127352,-0.006455779261115069,0.21564234030111912,-0.006147616570709502,0.005610405425021731,1
2023-04-19,52495.53025761188,1.0,0.5,26247.76512880594,0.0027695829098526303,0.1965074079155925,-0.02719396382452466,-0.0026039206824697235,0
2023-04-20,53029.74423603296,1.0,0.5,26514.87211801648,0.010124940109296432,0.19516101686441847,-0.003706282785630677,-0.018467850078645893,0
2023-04-21,52786.42395123194,1.0,0.5,26393.21197561597,-0.004598932617289719,0.18656239876068148,-0.02382698361404678,-0.03242880422806328,0
2023-04-24,53182.02093112452,1.0,0.5,26591.01046556226,0.007466351291444795,0.16349817398488078,0.00986925798257765,-0.031953242347935604,0
2023-04-25,52644.87276926199,1.0,0.5,26322.436384630993,-0.010151536268281802,0.16678299708549366,0.004718847748865329,-0.028921280625336786,0
2023-04-26,52359.01387668709,1.0,0.5,26179.506938343544,-0.0054447431976392124,0.16765870573815153,-0.003561832762551731,-0.023006956092354938,0
2023-04-27,52059.38665805244,1.0,0.5,26029.69332902622,-0.005738989286879104,0.16468731469160366,-0.018805773448852037,-0.00942410111247775,0
2023-04-28,51102.08155373825,1.0,0.5,25551.040776869126,-0.018559886766707834,0.169107595843509,-0.0488392434851086,0.016440808140811926,1
2023-05-01,51509.54572917874,1.0,0.5,25754.77286458937,0.007941913171572779,0.16414676315971113,-0.05366419234325548,0.019250542932102294,1
2023-05-02,51144.12205265715,1.0,0.5,25572.061026328574,-0.007119574545683349,0.16467395139948746,-0.05556468067602793,0.025091934344283764,1
2023-05-03,51168.144017477345,1.0,0.5,25584.072008738673,0.00046958133534324986,0.16426496350387138,-0.048086560481863216,0.018228848659363465,1
2023-05-04,51571.078282121176,1.0,0.5,25785.539141060588,0.007843865692997554,0.15772281668686078,-0.05402736232476535,0.009402356611080308,1
2023-05-05,51949.18552817568,1.0,0.5,25974.59276408784,0.007305022486582047,0.16167116373470475,-0.043982397367740234,-0.0242028680035706,0
2023-05-08,52510.738282176106,1.0,0.5,26255.369141088053,0.010751647962862876,0.15370583487998415,-0.013413395659965133,-0.05747157779880219,0
2023-05-09,52443.66281867121,1.0,0.5,26221.831409335606,-0.001278183133502253,0.14022954475238691,0.0028831997715865754,-0.07675113811885932,0
2023-05-10,52109.433618774245,1.0,0.5,26054.716809387122,-0.006393504349576418,0.13213258442822268,0.010696890409013449,-0.08578997762790347,0
2023-05-11,52058.25466495386,1.0,0.5,26029.12733247693,-0.0009826263552863423,0.12913280111981668,0.0016119008172790217,-0.07823868152370875,0
2023-05-12,50706.959601554954,1.0,0.5,25353.479800777477,-0.02630020212806805,0.15898557255776347,-0.02720411328264305,-0.06592561668449154,0
2023-05-15,49577.94658690276,1.0,0.5,24788.97329345138,-0.022517061832369123,0.1684841132271342,-0.060868114782445915,-0.04909123782719354,0
2023-05-16,48569.140793638195,1.0,0.5,24284.570396819097,-0.020557743453560207,0.1793574021507073,-0.07497007897489105,-0.007799754459509257,0
2023-05-17,47825.359021384655,1.0,0.5,23912.679510692327,-0.015432343858620357,0.18219894948599824,-0.09317200574336404,0.00229477668966212,1
2023-05-18,48140.542043734175,1.0,0.5,24070.271021867087,0.006568669748908462,0.17877697989163022,-0.09672827610375201,0.007613702866560772,1
2023-05-19,47471.88090197396,1.0,0.5,23735.94045098698,-0.013987137288850704,0.1816937291439584,-0.106116480775313,0.0071705611816868745,1
2023-05-22,47202.878304722995,1.0,0.5,23601.439152361498,-0.005682682975070463,0.17531753547050424,-0.11926551504182825,0.009890724188086182,1
2023-05-23,48191.78696779296,1.0,0.5,24095.89348389648,0.020733739914124527,0.1983029369301894,-0.08838023885942192,-0.025531639321197445,0
2023-05-24,47935.23356099118,1.0,0.5,23967.61678049559,-0.005337812709448997,0.19829596417297532,-0.0882733083712317,-0.025260278229157915,0
2023-05-25,48508.46869143275,1.0,0.5,24254.234345716373,0.011887595925806238,0.2064373654915975,-0.07064672315854637,-0.02364144743050425,0
2023-05-26,47813.504280290945,1.0,0.5,23906.752140145472,-0.014430278973724953,0.2029411116644411,-0.06651711536556348,-0.03614109072437663,0
2023-05-29,47672.065430242335,1.0,0.5,23836.032715121168,-0.002962519968670918,0.19855494601100004,-0.07742154850580718,-0.026064223983072628,0
2023-05-30,46976.946076355045,1.0,0.5,23488.473038177523,-0.0146886235951591,0.20198553632704097,-0.08499059755528293,-0.0073587991088030205,0
2023-05-31,46739.541559002464,1.0,0.5,23369.770779501232,-0.005066451617409484,0.20122453452707167,-0.09052663050803567,-0.011376512318300289,0
2023-06-01,47375.108207555975,1.0,0.5,23687.554103777988,0.013506426724461562,0.20676899182041,-0.08486406947657166,-0.04738339220222682,0
2023-06-02,46116.32575655879,1.0,0.5,23058.162878279396,-0.026929922267598272,0.2168726743226374,-0.11909901423075198,-0.019044719500499577,0
2023-06-05,46445.583126675236,1.0,0.5,23222.791563337618,0.0071143467726315635,0.21351471039600817,-0.12273631542098329,-0.03422497517712813,0
2023-06-06,46632.52099918154,1.0,0.5,23316.26049959077,0.004016801279112414,0.21592642769911008,-0.11744133100836862,-0.03430465309565248,0
2023-06-07,46210.82178466977,1.0,0.5,23105.410892334887,-0.009084164826907326,0.21622363089694702,-0.12013199148569953,-0.024603531863974213,0
2023-06-08,45182.667696723474,1.0,0.5,22591.333848361737,-0.02250045315946636,0.222977676323582,-0.14164981828987955,0.02339538519478416,1
2023-06-09,45246.363654776505,1.0,0.5,22623.181827388253,0.001408750434130468,0.21276234390895304,-0.11394086572768103,0.018489955404320805,1
2023-06-12,44882.8784970446,1.0,0.5,22441.4392485223,-0.008065908903995833,0.20359624330761836,-0.09948971279930774,0.010710111334255756,1
2023-06-13,45059.93624685376,1.0,0.5,22529.96812342688,0.00393712336058627,0.19719547673000293,-0.07499484598516126,0.009869131304388979,1
2023-06-14,45087.74484058276,1.0,0.5,22543.87242029138,0.0006169564047713294,0.19276396060753762,-0.05894554572176958,0.01298961447331707,1
2023-06-15,46252.195840185756,1.0,0.5,23126.097920092878,0.025498463899293,0.21552565458731984,-0.04001575157138504,0.009169160350859795,1
2023-06-16,46090.749169923314,1.0,0.5,23045.374584961657,-0.0034966793563349086,0.21095604805871257,-0.029525293638869243,0.026090423082769116,1
2023-06-19,45366.162515931916,1.0,0.5,22683.081257965958,-0.015845752974060545,0.21665153169739107,-0.039688363637859325,0.04782918442563471,1
2023-06-20,45506.84032439589,1.0,0.5,22753.420162197945,0.003096143330719059,0.20057075312859174,-0.05732596022126479,0.06805071297742706,1
2023-06-21,45677.23761674127,1.0,0.5,22838.618808370637,0.0037374395736993193,0.20167149132565873,-0.04825070793811648,0.0458648324740463,1
2023-06-22,46678.23988860832,1.0,0.5,23339.11994430416,0.02167800977683676,0.21352499595405988,-0.038460294087085956,0.01438450053533629,1
2023-06-23,47309.100860251754,1.0,0.5,23654.550430125877,0.013424583375574173,0.2147736640719579,-0.01060543173778683,-0.013359464854770176,0
2023-06-26,47588.71686808121,1.0,0.5,23794.358434040605,0.005893008368804686,0.21574169138970348,-0.0017499034003112257,-0.025118583130907233,0
2023-06-27,48711.41341988844,1.0,0.5,24355.70670994422,0.02331767188251277,0.22366164327483137,0.036256392077360644,-0.06984420648061143,0
2023-06-28,47821.00238823722,1.0,0.5,23910.50119411861,-0.018448440929681453,0.2339292143967359,0.022874402765088675,-0.041120260886695105,0
2023-06-29,47354.53548122776,1.0,0.5,23677.26774061388,-0.0098023221618746,0.23221676673308062,-0.0004343461212474864,-0.03454479978948766,0
2023-06-30,46681.279605513504,1.0,0.5,23340.639802756752,-0.014319382014530646,0.21662699667206814,0.01217619413182014,-0.04311562223132034,0
2023-07-03,46408.24370100324,1.0,0.5,23204.12185050162,-0.005866109907332273,0.21635675991415687,-0.0008042625481436971,-0.05297056203982873,0
2023-07-04,45425.297247270915,1.0,0.5,22712.648623635458,-0.021407951467192987,0.2285146887954184,-0.0262290152944491,-0.026352414106794248,0
2023-07-05,45894.47147380765,1.0,0.5,22947.235736903825,0.010275504664235768,0.23010823027370095,-0.006869345803306004,-0.023155848537826786,0
2023-07-06,45746.61507505135,1.0,0.5,22873.307537525674,-0.0032268610646664087,0.2151799570251195,0.012404246291493948,0.011789385787971349,1
2023-07-07,44711.35951099971,1.0,0.5,22355.679755499856,-0.022890204456365026,0.23072426492447926,-0.011894708599001547,0.0808414281790621,1
2023-07-10,44013.94640216924,1.0,0.5,22006.97320108462,-0.015721049715841318,0.23556140989423605,-0.01954984941084703,0.10336163048264602,1
2023-07-11,44243.86615358035,1.0,0.5,22121.933076790174,0.0052101964658426425,0.2359567017905786,-0.01827677630559066,0.08284049089127152,1
2023-07-12,44843.955774386784,1.0,0.5,22421.977887193392,0.013472070233202516,0.2414120217720278,-0.005421662477159472,0.03606466524639138,1
2023-07-13,46289.13125125192,1.0,0.5,23144.56562562596,0.031718373261131916,0.2510358030945554,0.0007982468846794433,0.008835168686549048,1
2023-07-14,48476.00946107207,1.0,0.5,24238.004730536035,0.0461618379347275,0.2990511219367729,0.05045676417574185,-0.049856470649381646,0
2023-07-17,48806.72827603481,1.0,0.5,24403.364138017405,0.006799152587742441,0.291305673710185,0.07310166973754484,-0.06292406777490614,0
2023-07-18,48065.142908074224,1.0,0.5,24032.571454037112,-0.015310943125532717,0.2990000885444526,0.05469458328129306,-0.05697992569269339,0
2023-07-19,46490.75517223597,1.0,0.5,23245.377586117986,-0.03330375541167818,0.325120985086413,0.017653388295915562,-0.02562060087023404,0
2023-07-20,46699.91553628121,1.0,0.5,23349.957768140604,0.0044888767012896125,0.316140152402037,0.0004642552203684147,-0.013049049437542733,0
2023-07-21,46118.42545439115,1.0,0.5,23059.212727195576,-0.012529801401203855,0.3149695811999519,-0.025490129556409613,0.0022268518836173006,1
2023-07-24,45830.23884679556,1.0,0.5,22915.11942339778,-0.006268444537781193,0.31425651792466686,-0.03765158246299549,0.006269850024123235,1
2023-07-25,45402.96035805205,1.0,0.5,22701.480179026024,-0.009366801043318773,0.3006141007304482,-0.07033605538882703,-0.0004005450100252082,0
2023-07-26,45314.7632274781,1.0,0.5,22657.38161373905,-0.001944430589219337,0.29540467934529074,-0.05383204504836492,-0.024557074321019022,0
2023-07-27,46094.48476864985,1.0,0.5,23047.242384324923,0.017060428133980565,0.3021411805563186,-0.026969294752509754,-0.04900331468522861,0
2023-07-28,46221.23878953175,1.0,0.5,23110.619394765876,0.0027460999199568903,0.29847456851864596,-0.009903812818022217,-0.05232359270641485,0
2023-07-31,46118.49027325378,1.0,0.5,23059.24513662689,-0.002225446397275732,0.29788485359225164,-0.006263149307965676,-0.021983049761177088,0
2023-08-01,45384.778070495624,1.0,0.5,22692.389035247812,-0.016037196077467897,0.29341699812731353,-0.000892393918240586,-0.003621405354432865,0
2023-08-02,44215.51758859617,1.0,0.5,22107.758794298086,-0.026100959900212217,0.30464440676754184,-0.03726885848268857,0.03822906456397947,1
2023-08-03,43890.15309760027,1.0,0.5,21945.076548800134,-0.00738581223022905,0.3052483738511751,-0.04142780964825121,0.038024527680456506,1
2023-08-04,43864.95956631113,1.0,0.5,21932.479783155566,-0.0005741781012300606,0.29517365596129025,-0.019111783293116247,0.020210412982862944,1
2023-08-07,45115.72748098912,1.0,0.5,22557.86374049456,0.02811509654796218,0.3068717936094175,0.024724362970687253,-0.02283102645601202,0
2023-08-08,45220.71863433912,1.0,0.5,22610.35931716956,0.0023244483292756968,0.3065469353873856,0.021838614834120307,-0.03630389429558868,0
2023-08-09,45938.56078844093,1.0,0.5,22969.280394220466,0.015749510018199686,0.30787056774141186,0.024116054619117477,-0.018260339322806345,0
2023-08-10,45591.191070748675,1.0,0.5,22795.595535374337,-0.007590349113751671,0.28711942978856003,-0.01519266775576611,-0.023332797054980092,0
2023-08-11,44760.50773093077,1.0,0.5,22380.253865465384,-0.018388292798823258,0.2336571587462536,-0.07974279848931687,0.008533276954749605,1
2023-08-14,44097.35855276516,1.0,0.5,22048.67927638258,-0.014926342890912991,0.23308093045036954,-0.1014682939679723,0.009512670846339635,1
2023-08-15,43608.47291492521,1.0,0.5,21804.236457462604,-0.01114841951029888,0.23111608368718178,-0.09730577035273846,0.03560480377031656,1
2023-08-16,45107.31955126191,1.0,0.5,22553.659775630957,0.03379306499098078,0.24397531873966818,-0.0302089499500795,0.00814696411625998,1
2023-08-17,44539.73546444185,1.0,0.5,22269.867732220926,-0.0126628068459258,0.24596973169607,-0.04736063349729491,0.018615773404102975,1
2023-08-18,45144.095844201634,1.0,0.5,22572.047922100817,0.013477781210905704,0.24902454036798094,-0.021353050885185354,0.004768860207293077,1
2023-08-21,44518.84375649877,1.0,0.5,22259.421878249384,-0.013946948999322473,0.2526171421456176,-0.029031555346726634,0.008676689740437742,1
2023-08-22,45189.11630612705,1.0,0.5,22594.558153063525,0.014943713413677173,0.2572115030334594,-0.004721040889730688,0.0010307706436298346,1
2023-08-23,45476.308293140435,1.0,0.5,22738.154146570218,0.006335225336925987,0.2581594706117927,0.0035586150364146363,-0.012196953540266035,0
2023-08-24,45376.642756745765,1.0,0.5,22688.321378372882,-0.0021939975580842486,0.2503893541308182,-0.015695810655650178,-0.029031615047672116,0
2023-08-25,45359.89587758587,1.0,0.5,22679.947938792935,-0.00036913198590227125,0.25005065519104613,-0.01881104256150934,-0.04851529067713457,0
2023-08-28,44906.800608054284,1.0,0.5,22453.400304027142,-0.010039119466178192,0.25211291420432147,-0.0266247156304118,-0.03548534952690553,0
2023-08-29,45235.7199353271,1.0,0.5,22617.85996766355,0.007297794316869499,0.2476268039987965,-0.0032897252360744034,-0.0176419766100138,0
2023-08-30,44925.00481970145,1.0,0.5,22462.502409850724,-0.006892498846971407,0.22967931780627507,0.015918735817166407,-0.007957029223134906,0
2023-08-31,44078.22431893043,1.0,0.5,22039.112159465214,-0.019028659065488895,0.23872046309836492,0.0042758889819065615,0.009476069285720834,1
2023-09-01,43211.776975548935,1.0,0.5,21605.888487774468,-0.019852807615366785,0.24914535433894291,-0.015002740532230163,0.03410303295420176,1
2023-09-04,43341.2091529341,1.0,0.5,21670.60457646705,0.0029908216840510704,0.2253653301032894,-0.040127015396141275,0.05195262289935827,1
2023-09-05,44444.670774713755,1.0,0.5,22222.335387356878,0.025141167233762474,0.24488836949432646,-0.017310296491654498,0.030539222772390892,1
2023-09-06,44568.95367676874,1.0,0.5,22284.47683838437,0.0027924485399069,0.2374342739902654,-0.030267357969947284,0.021548096099166185,1
2023-09-07,44497.89791419227,1.0,0.5,22248.948957096134,-0.0015955605566322362,0.2363503488149333,-0.02427256941282785,0.04083888367002699,1
2023-09-08,44710.84574148072,1.0,0.5,22355.42287074036,0.004774156053114709,0.22818635719247848,-0.0011101205608898823,0.04308982429858217,1
2023-09-11,45652.415442581754,1.0,0.5,22826.207721290877,0.020840411629206912,0.23254857613525343,0.03465663395923002,0.046708113637422694,1
2023-09-12,45822.91460836376,1.0,0.5,22911.45730418188,0.003727767106793678,0.2275613235117478,0.04953282057632258,0.046138835136851304,1
2023-09-13,45539.75163432182,1.0,0.5,22769.87581716091,-0.006198678133316093,0.19675954587742472,0.009541077452025704,0.03332675605172035,1
2023-09-14,46352.75984604279,1.0,0.5,23176.379923021395,0.017695227014227655,0.199362111161047,0.03989911131217916,-0.005642135616173885,0
2023-09-15,46679.53894888701,1.0,0.5,23339.769474443507,0.007025096681669396,0.19571512606101632,0.03344642678294285,0.013605256240890458,1
2023-09-18,47835.33687260809,1.0,0.5,23917.668436304044,0.024458700968047253,0.20242786430606505,0.07185207675031258,0.016564556308157015,1
2023-09-19,47986.66309436551,1.0,0.5,23993.331547182755,0.003158488606223031,0.19793560953185954,0.060066851942858435,0.010851723293777558,1
2023-09-20,47083.01700606667,1.0,0.5,23541.508503033336,-0.019010757218447694,0.2122094239853664,0.034720869387484754,0.024100664893501253,1
2023-09-21,46091.967692986174,1.0,0.5,23045.983846493087,-0.021273664653666202,0.2271755051436936,0.0156412022919028,0.06866273124705488,1
2023-09-22,47318.965958357934,1.0,0.5,23659.482979178967,0.02627248853873354,0.24441426907333078,0.04228282281653861,0.02522872942652548,1
2023-09-25,48634.30702814867,1.0,0.5,24317.153514074336,0.027418001035314887,0.25561908073438216,0.07973994331803169,-0.016007080240419715,0
2023-09-26,48510.236784473134,1.0,0.5,24255.118392236567,-0.00255434440815705,0.2563179315183844,0.06988780459300514,-0.0030484736666383716,0
2023-09-27,48231.53343420312,1.0,0.5,24115.76671710156,-0.005761815618722466,0.2557409977019614,0.07101848782125408,-0.0032282871421127723,0
2023-09-28,49367.95006208518,1.0,0.5,24683.97503104259,0.023288401699886663,0.2502414121403034,0.11333554858662964,-0.026324533200668715,0
2023-09-29,48527.94978548475,1.0,0.5,24263.974892742375,-0.017161513281795493,0.24675935776896704,0.11602684292020093,-0.011464186167219033,0
2023-10-02,47862.01136261079,1.0,0.5,23931.005681305396,-0.013817808631630513,0.2563263329914158,0.09921821260451935,0.007942739359650688,1
2023-10-03,48362.57978366299,1.0,0.5,24181.289891831497,0.010404262165623734,0.24607078281133685,0.08448130753638061,0.01997705048690558,1
2023-10-04,48076.079255346325,1.0,0.5,24038.039627673163,-0.00594162909419893,0.24868391807397144,0.07574722990227478,0.02761807523307562,1
2023-10-05,48085.31823282071,1.0,0.5,24042.659116410356,0.0001921556413311265,0.24825127078653317,0.07753494610023814,0.037839819829190616,1
2023-10-06,47974.79313854322,1.0,0.5,23987.39656927161,-0.002301166248345865,0.24918070573019135,0.07045962379877757,0.008126627798503297,1
2023-10-09,48243.68058714682,1.0,0.5,24121.84029357341,0.0055891168952406645,0.2408648129183092,0.05520832906481132,0.002043085650608025,1
2023-10-10,49338.436396358855,1.0,0.5,24669.218198179427,0.022438573292879127,0.25081301765417213,0.07391913525089677,-0.0334022987126485,0
2023-10-11,49422.353204379666,1.0,0.5,24711.176602189833,0.0016993956519719688,0.24823408128796084,0.08181720903618483,-0.05402337840762723,0
2023-10-12,49939.72189744597,1.0,0.5,24969.860948722984,0.010413900237445262,0.24425507747822647,0.07453588225940244,-0.07799406104259046,0
2023-10-13,48366.25490371174,1.0,0.5,24183.12745185587,-0.03201435827903332,0.2746785503688237,0.03549642729869973,-0.050968834894261274,0
2023-10-16,48342.34731665535,1.0,0.5,24171.173658327676,-0.0004944252526559723,0.26130253399600833,0.010543301077996503,-0.03577748294172919,0
2023-10-17,47717.639076606254,1.0,0.5,23858.819538303127,-0.013006811070377822,0.26541153039703635,-0.00562199859860435,-0.043386576267855616,0
2023-10-18,46823.22953935902,1.0,0.5,23411.61476967951,-0.018921684043005982,0.2653283368154846,-0.005532925423162638,-0.02370967409970086,0
2023-10-19,46192.74056251914,1.0,0.5,23096.37028125957,-0.013556782397516898,0.2585563004675654,0.0021839568329866665,-0.01750502610507886,0
2023-10-20,45962.852823379166,1.0,0.5,22981.426411689583,-0.004989132130704732,0.23972723059847245,-0.029077663836451606,-0.017403442698633323,0
2023-10-23,46643.353890436905,1.0,0.5,23321.676945218453,0.014696926699876656,0.22308188474748802,-0.04179873817188984,-0.01603560056331119,0
2023-10-24,45691.603274578294,1.0,0.5,22845.801637289147,-0.020615904396503737,0.23259062616771325,-0.059860298160236525,0.013327642858731588,1
2023-10-25,45726.12343502302,1.0,0.5,22863.06171751151,0.000755218125148005,0.23271203786952685,-0.053343264416366054,0.03390728264736497,1
2023-10-26,45391.171643884474,1.0,0.5,22695.585821942237,-0.007352134402895061,0.2118681889487475,-0.08398380051914778,0.03909899877580179,1
2023-10-27,45169.8613537941,1.0,0.5,22584.93067689705,-0.0048875487242590054,0.206315315028276,-0.07170983596161129,0.033299299024344885,1
2023-10-30,45901.364719057136,1.0,0.5,22950.682359528568,0.01606476883519825,0.21379081591944107,-0.04182725849478253,0.01398190265985158,1
2023-10-31,46304.64074262209,1.0,0.5,23152.320371311045,0.008747339025539702,0.21258385732515306,-0.04348418163486656,0.009326346591265636,1
2023-11-01,47303.157404371595,1.0,0.5,23651.578702185798,0.021334857913780425,0.22768505561513405,-0.016207694626887204,-0.008954924846555417,0
2023-11-02,47201.07311076808,1.0,0.5,23600.53655538404,-0.0021604182744585643,0.2277008056866924,-0.018560268542676894,-0.02359919603924531,0
2023-11-03,46699.30952599639,1.0,0.5,23349.654762998194,-0.010687248475713673,0.23030247424526482,-0.026946350770044702,-0.011214049993808501,0
2023-11-06,46547.660828295855,1.0,0.5,23273.830414147928,-0.003252627529295893,0.22890475990887846,-0.03578809519458126,-0.004094346648915535,0
2023-11-07,46738.51395205587,1.0,0.5,23369.256976027937,0.004091782956953338,0.21177231102992142,-0.05413488553050705,0.031733177350737087,1
2023-11-08,46881.45217220669,1.0,0.5,23440.726086103346,0.0030535864759588804,0.21220012728513746,-0.05278069470652014,0.058509932686064664,1
2023-11-09,46100.20660631873,1.0,0.5,23050.103303159365,-0.01680468946714697,0.211988889339556,-0.07999928441111237,0.062150119890922055,1
2023-11-10,46178.54652283597,1.0,0.5,23089.273261417984,0.001697897569721718,0.18495184980133197,-0.046287028562357335,0.0561991772482032,1
2023-11-13,46357.46819215376,1.0,0.5,23178.73409607688,0.0038670758155969764,0.18616505635340544,-0.041925527494104387,0.029557873684427624,1
2023-11-14,48245.45912867135,1.0,0.5,24122.729564335674,0.03991930695660528,0.23374032506874437,0.011000590532878718,-0.019391376863342538,0
2023-11-15,49706.318302466396,1.0,0.5,24853.159151233198,0.029830341811289074,0.24372252536560263,0.059752616387173774,-0.04397858959510039,0
2023-11-16,49056.24767911861,1.0,0.5,24528.123839559306,-0.013164502262291933,0.24337307026720392,0.06014489652239874,-0.011550860358105286,0
2023-11-17,48848.05229263511,1.0,0.5,24424.026146317556,-0.0042530450729962865,0.24306613017057835,0.060880983580107184,-0.01850698901280323,0
2023-11-20,47748.14790101524,1.0,0.5,23874.07395050762,-0.022774227748177722,0.25532335356413455,0.023409829132052806,-0.005761781908103055,0
2023-11-21,47318.92566174774,1.0,0.5,23659.46283087387,-0.009029943591164269,0.24532772811605097,0.034995789937392274,-0.03027564446177409,0
2023-11-22,47567.67644327037,1.0,0.5,23783.838221635186,0.005243129079529396,0.24560348867426843,0.039483700891773665,-0.0378077035366246,0
2023-11-23,48492.86584887377,1.0,0.5,24246.432924436886,0.019263226974704395,0.25032414658404994,0.06609906226937312,-0.07352956735500786,0
2023-11-24,47952.33599711346,1.0,0.5,23976.16799855673,-0.011209173727694477,0.25404627006067193,0.05977743726593765,-0.07038546342344193,0
2023-11-27,47473.82454089853,1.0,0.5,23736.912270449266,-0.010029020643479214,0.25311637238454254,0.033683647787260185,-0.07389288456642054,0
2023-11-28,45907.78409012624,1.0,0.5,22953.89204506312,-0.03354380614483432,0.28049931418744706,-0.008607497383113838,-0.0415607566547081,0
2023-11-29,45802.82455444374,1.0,0.5,22901.41227722187,-0.002288929995321709,0.26846319601343993,-0.03223128529221597,-0.06668062941292285,0
2023-11-30,45055.14229212625,1.0,0.5,22527.571146063125,-0.01645863684367832,0.2735993211446597,-0.04652950386143573,-0.0730529660695475,0
2023-12-01,44693.23080727787,1.0,0.5,22346.615403638934,-0.008065069796129976,0.27269337312219977,-0.04390732518185203,-0.031182588704592524,0
2023-12-04,44092.31976452706,1.0,0.5,22046.15988226353,-0.013536441786456521,0.2756494585125912,-0.05419113943901266,-0.03764832935246102,0
2023-12-05,44038.92641473287,1.0,0.5,22019.463207366436,-0.0012116782331226261,0.2745545467771027,-0.05949460062908862,-0.05343658295755095,0
2023-12-06,42848.26402124493,1.0,0.5,21424.132010622467,-0.02740880275353419,0.2867076007167715,-0.08995698985858169,0.0031737061602804665,1
2023-12-07,41881.07933678216,1.0,0.5,20940.53966839108,-0.022830973500303386,0.2909057277843572,-0.09598327389173811,0.07202800469083291,1
2023-12-08,43321.08488655696,1.0,0.5,21660.54244327848,0.033805307568824716,0.3211678591947984,-0.06387586389263511,0.020045074438192693,1
2023-12-11,42463.17725881574,1.0,0.5,21231.58862940787,-0.020002182434325277,0.3253565000699706,-0.08774512214255736,0.03452069837914395,1
2023-12-12,41747.4073971152,1.0,0.5,20873.7036985576,-0.016999931838212134,0.28245658675202234,-0.14466436093737478,0.05717244200328302,1
2023-12-13,42984.46784185369,1.0,0.5,21492.233920926847,0.029201486364295093,0.28136886973673403,-0.14529321638436876,0.05546820202263973,1
2023-12-14,45008.986169526615,1.0,0.5,22504.493084763308,0.04602332503024975,0.3377066618321226,-0.08610538909182708,-0.005823843696606606,0
2023-12-15,44198.22101776154,1.0,0.5,22099.11050888077,-0.018177622683815287,0.341276372022002,-0.10002996670264608,0.00876383345659449,1
2023-12-18,21977.31534604517,0.5,1.0,21977.31534604517,-0.005526558493372136,0.3347932324518694,-0.08278229744784049,0.02680512554722079,1
2023-12-19,22101.87866859143,1.0,1.0,22101.87866859143,0.0056518117859258865,0.3360025905019535,-0.06810054207075034,0.028273053314031543,1
2023-12-20,22718.05218589029,1.0,1.0,22718.05218589029,0.027497246383651586,0.35248122566656137,-0.04584642476662815,-0.0048752769106248,0
2023-12-21,22373.81133895961,1.0,1.0,22373.81133895961,-0.015268720688997206,0.3457209209063328,-0.08037837243032975,0.008558747644529992,1
2023-12-22,22293.634576154047,1.0,1.0,22293.634576154047,-0.0035899455306136474,0.34467549311332435,-0.07275914423324892,-0.009231063100087256,0
2023-12-25,22574.38657780468,1.0,1.0,22574.38657780468,0.012514733597253525,0.3484004949185926,-0.05021538999251618,-0.02522386313810658,0
2023-12-26,22735.683846718803,1.0,1.0,22735.683846718803,0.0071197395527367036,0.3297626355709951,-0.009551844294945155,-0.03626599386708799,0
2023-12-27,22607.564937421055,1.0,1.0,22607.564937421055,-0.005651083841003768,0.3302232159800543,-0.012913998140627214,-0.02668576048321691,0
2023-12-28,22566.124951949634,1.0,1.0,22566.124951949634,-0.0018346961338426837,0.32497363111047495,0.0017099425692084225,-0.03332382853941555,0
2023-12-29,22088.78756113759,1.0,1.0,22088.78756113759,-0.021379756275230477,0.33274659314444366,-0.011604743909892079,-0.00424522108814567,0
2024-01-01,22012.09473908169,1.0,1.0,22012.09473908169,-0.0034780664407669803,0.32945133566027046,-0.0015463685642025382,0.015454437829204163,1
2024-01-02,21925.92380144856,1.0,1.0,21925.92380144856,-0.0039223911762444885,0.3297155339424292,-0.004257081507324401,0.022097428295865744,1
2024-01-03,22012.243505390787,1.0,1.0,22012.243505390787,0.00392914954286816,0.31381351328118595,0.02708087078907795,0.0239807389436584,1
2024-01-04,21826.52683466801,1.0,1.0,21826.52683466801,-0.008472764190040394,0.30309265438289107,0.04143908009934094,0.03356343863297087,1
2024-01-05,21995.214533995815,1.0,1.0,21995.214533995815,0.0076988511760376355,0.28013754760460763,0.01533262370655386,0.026138733983512744,1
2024-01-08,22354.92156327839,1.0,1.0,22354.92156327839,0.01622159247658317,0.27395963044801,0.05155639861746231,-0.0011735119449863512,0
2024-01-09,22415.823153868445,1.0,1.0,22415.823153868445,0.0027205992904182352,0.2640315013951812,0.07127692974609268,0.0013630223425722863,1
2024-01-10,22546.493624156228,1.0,1.0,22546.493624156228,0.0058124601906595075,0.24637206683675456,0.04788790357245709,-0.005708740300279489,0
2024-01-11,22571.532671106725,1.0,1.0,22571.532671106725,0.0011099354992705202,0.1847623999949809,0.0029745140414778604,0.02641844402762379,1
2024-01-12,22577.721426662276,1.0,1.0,22577.721426662276,0.0002741465265820864,0.17163062282675293,0.021426283251875233,0.051195125651799504,1
2024-01-15,22328.70318259495,1.0,1.0,22328.70318259495,-0.011090653451915955,0.1755590175254195,0.015862188293331414,0.0686351086015095,1
2024-01-16,22446.397253511317,1.0,1.0,22446.397253511317,0.005257133577975637,0.17541967919635074,0.015467510085381164,0.05163377097809396,1
2024-01-17,22418.14824116557,1.0,1.0,22418.14824116557,-0.0012593024521923013,0.14424418983093992,-0.013289038750462723,0.03564705689986826,1
2024-01-18,23175.783989855358,1.0,1.0,23175.783989855358,0.033237119827175476,0.1779349216314276,0.03521680176570996,0.021441492805631658,1
2024-01-19,23763.689588507375,1.0,1.0,23763.689588507375,0.0250508281507571,0.194759761812733,0.0638575754470807,0.0008013934658725204,1
2024-01-22,23915.05310369886,1.0,1.0,23915.05310369886,0.006349329497792766,0.19205668860871755,0.05769217134761995,0.002286429279719465,1
2024-01-23,23635.83266053409,1.0,1.0,23635.83266053409,-0.011744204045438522,0.19811673318065046,0.03882822774944472,-0.013171196013939271,0
2024-01-24,23231.703525097684,1.0,1.0,23231.703525097684,-0.017246016530418018,0.20803712455891019,0.02723329506003047,0.01895342118223765,1
2024-01-25,23678.073066061297,1.0,1.0,23678.073066061297,0.0190315557329388,0.21678627730723793,0.048099546926811954,0.0073511305620283665,1
2024-01-26,23782.74128700234,1.0,1.0,23782.74128700234,0.004410728810997355,0.1977508562713107,0.07389003201303979,-0.01427442030731791,0
2024-01-29,23969.795740076093,1.0,1.0,23969.795740076093,0.007834365311641278,0.1963810415653091,0.08520246376544804,-0.029261785881916486,0
2024-01-30,23326.561680981045,1.0,1.0,23326.561680981045,-0.027201829339098538,0.22460344477705416,0.061923025602593995,0.0023660165078359975,1
2024-01-31,23676.223062736364,1.0,1.0,23676.223062736364,0.014878600665758412,0.2284715969876495,0.07287247672548425,-0.01141349228963952,0
2024-02-01,23852.775014315095,1.0,1.0,23852.775014315095,0.007429265112728345,0.2242198200695391,0.08877450602825299,-0.02317120361999756,0
2024-02-02,23445.66792866731,1.0,1.0,23445.66792866731,-0.01721482205834768,0.23651791264225866,0.06386083279386767,-0.007313351130588926,0
2024-02-05,23278.55943586878,1.0,1.0,23278.55943586878,-0.007153000262958287,0.23398025236734454,0.04048624005432622,-0.003855804114156298,0
2024-02-06,23381.818053957362,1.0,1.0,23381.818053957362,0.004425973050654619,0.2341258234767031,0.0421916138145626,-0.005606325975835694,0
2024-02-07,23407.530947874035,1.0,1.0,23407.530947874035,0.0010990918682836082,0.23373458472871875,0.0374782454921867,0.016741219954100495,1
2024-02-08,23306.431668320725,1.0,1.0,23306.431668320725,-0.004328446217629178,0.23476525532976827,0.032039863775287,-0.01907858741050616,0
2024-02-09,23274.826997923858,1.0,1.0,23274.826997923858,-0.0013569695689401584,0.23495893368159257,0.030408747679764758,-0.021178841439894205,0
2024-02-12,23188.974692225565,1.0,1.0,23188.974692225565,-0.0036954532465252043,0.23112961004482196,0.03780394788515551,-0.014430761386234331,0
2024-02-13,23251.098729995156,1.0,1.0,23251.098729995156,0.0026754511889759414,0.23081226227172363,0.035222265496155813,-0.012171927934642302,0
2024-02-14,23802.700149908258,1.0,1.0,23802.700149908258,0.023446637798219427,0.24286967696461456,0.05992820574656754,-0.041202852386443,0
2024-02-15,22865.99271071086,1.0,1.0,22865.99271071086,-0.04014825358223639,0.26071824026750146,-0.013457167662844327,-0.028447548957987366,0
2024-02-16,22787.076355458295,1.0,1.0,22787.076355458295,-0.0034572235983283406,0.2424077829264728,-0.041965219411929766,-0.019552064559699673,0
2024-02-19,22856.74307474535,1.0,1.0,22856.74307474535,0.0030526268071362495,0.24116329869101844,-0.04526192210258628,0.0048713349851055065,1
2024-02-20,22969.803457696416,1.0,1.0,22969.803457696416,0.004934284640565778,0.23972918616478325,-0.028583433416581983,-0.023946178760907127,0
2024-02-21,22841.8909732067,1.0,1.0,22841.8909732067,-0.005584286653579795,0.23300387471307152,-0.01692170353974376,-0.004485062148340777,0
2024-02-22,22224.676450336185,1.0,1.0,22224.676450336185,-0.027392950153780404,0.23867974998848165,-0.06334620942646296,0.018006919514595137,1
2024-02-23,22345.869277481932,1.0,1.0,22345.869277481932,0.005438260799959238,0.239139871801545,-0.06231867743750108,0.011875708506043511,1
2024-02-26,22968.35756199254,1.0,1.0,22968.35756199254,0.027476026351939353,0.2602964236179688,-0.042677016397203005,-0.03190909333268002,0
2024-02-27,22426.297850354564,1.0,1.0,22426.297850354564,-0.02388322910544538,0.25629329525624794,-0.03935841616354985,-0.013020236388965363,0
2024-02-28,22739.673070778143,1.0,1.0,22739.673070778143,0.013876829958986647,0.2554432039014325,-0.04036018687032161,-0.006150470965805178,0
2024-02-29,22628.49930166391,1.0,1.0,22628.49930166391,-0.0049009684908458695,0.25313414135385026,-0.05269042047389583,0.0081992725471878,1
2024-03-01,22612.824309974305,1.0,1.0,22612.824309974305,-0.000692950208591725,0.24723736999273427,-0.036168548624139873,0.03644638367553663,1
2024-03-04,22247.02778957023,1.0,1.0,22247.02778957023,-0.01630877548678278,0.2519535347451457,-0.045324323847964365,0.07157047096148104,1
2024-03-05,22136.194854142745,1.0,1.0,22136.194854142745,-0.0049943721617324854,0.25085145568430867,-0.05474466906035147,0.08375262580048773,1
2024-03-06,22600.242592871946,1.0,1.0,22600.242592871946,0.020746595382146182,0.2641775168765317,-0.035097165546488895,0.09074323513472618,1
2024-03-07,22814.79925309641,1.0,1.0,22814.79925309641,0.009448775022148581,0.2669098138821931,-0.021319944306711136,0.0884807699852773,1
2024-03-08,23452.182862017828,1.0,1.0,23452.182862017828,0.02755416091975782,0.2855686503118728,0.007591186181986842,0.07423901464671208,1
2024-03-11,23897.620376880717,1.0,1.0,23897.620376880717,0.01881531179916074,0.29240555152215597,0.030101951227672785,0.05102596680109379,1
2024-03-12,24070.01008633978,1.0,1.0,24070.01008633978,0.0071877826772759335,0.2930829967185481,0.03461428271597278,0.04515899967672733,1
2024-03-13,24746.990249845385,1.0,1.0,24746.990249845385,0.02773720471638441,0.2976594511896227,0.03890484963413776,0.0067112195940866115,1
2024-03-14,24925.470328669755,1.0,1.0,24925.470328669755,0.0071863098726989705,0.2529409717222868,0.08623941308907312,0.015382209279101694,1
2024-03-15,25259.506780196716,1.0,1.0,25259.506780196716,0.013312405581190845,0.253113595030007,0.10300904226859231,-0.016213916673250044,0
2024-03-18,25148.666039513108,1.0,1.0,25148.666039513108,-0.004397736046456657,0.255304692965086,0.0955586794149994,0.0007774966202111348,1
2024-03-19,25181.90473501377,1.0,1.0,25181.90473501377,0.0013208155529085275,0.255597378553877,0.09194521032734215,-0.0032729734089881946,0
2024-03-20,24913.631292554906,1.0,1.0,24913.631292554906,-0.010710575366255526,0.25893172044988716,0.08681892161466642,0.02615582735283407,1
2024-03-21,25311.84314505406,1.0,1.0,25311.84314505406,0.0158572995577142,0.23282537513593937,0.13006917132616103,0.022396420323135574,1
2024-03-22,24853.25361949232,1.0,1.0,24853.25361949232,-0.018283720371160328,0.24893446191507132,0.10634719015504146,0.06962544005091569,1
2024-03-25,25168.22664552881,1.0,1.0,25168.22664552881,0.01259367724700411,0.23666728870674697,0.09146484105010622,0.06881319989025836,1
2024-03-26,25099.619762147944,1.0,1.0,25099.619762147944,-0.0027296544762904773,0.2137332383450837,0.11261841567926112,0.04705836487781342,1
2024-03-27,25573.86476788869,1.0,1.0,25573.86476788869,0.01871822539556689,0.21687832018137404,0.11745981111584136,0.027558543579616138,1
2024-03-28,25885.13368793952,1.0,1.0,25885.13368793952,0.01209789252801663,0.2140536261671378,0.13445867213470386,-0.002723909859421303,0
2024-03-29,26645.33569277192,1.0,1.0,26645.33569277192,0.028945299356619714,0.22595751873494246,0.1640969216999153,-0.03955853206786004,0
2024-04-01,26961.11253886716,1.0,1.0,26961.11253886716,0.011781437086346713,0.20671992080919002,0.1921871342730448,-0.027267540928055795,0
2024-04-02,26308.9993689621,1.0,1.0,26308.9993689621,-0.024484489488736827,0.23466905010852573,0.17269701694604045,0.007529979806893505,1
2024-04-03,26288.444396740433,1.0,1.0,26288.444396740433,-0.0007815959026302721,0.23236312248206345,0.151168825661264,-0.002422726459652925,0
2024-04-04,25814.72085970977,1.0,1.0,25814.72085970977,-0.018184560911020498,0.24945613209675072,0.12353548972809492,7.010398722945837e-05,1
2024-04-05,25611.86145636811,1.0,1.0,25611.86145636811,-0.007889322851820424,0.24074528797206968,0.08809200595651667,0.008748513735120823,1
2024-04-08,26235.88186248559,1.0,1.0,26235.88186248559,0.024072428226151743,0.24559341371598098,0.09334912238350768,-0.03421011852008192,0
2024-04-09,26507.853346573895,1.0,1.0,26507.853346573895,0.010313031246212745,0.24626840994352492,0.09647437095244449,-0.05481979819187268,0
2024-04-10,26224.831776022096,1.0,1.0,26224.831776022096,-0.010734302169176146,0.23646028231656432,0.05800286406688393,-0.03889899125034646,0
2024-04-11,25816.530638006847,1.0,1.0,25816.530638006847,-0.015691730464139297,0.24475951097898452,0.03512482373004566,-0.004739988955545258,0
2024-04-12,25836.91016358618,1.0,1.0,25836.91016358618,0.0007890868960718223,0.24092403669834409,0.02260150504492664,0.004330833651934719,1
2024-04-15,25353.528001816267,1.0,1.0,25353.528001816267,-0.018886204029051612,0.25062683247265316,0.008113037062331685,-0.012594562843231578,0
2024-04-16,25093.811039376025,1.0,1.0,25093.811039376025,-0.010296648425576649,0.25344101764928,-0.0035044269161534913,0.0027682284734738085,1
2024-04-17,25224.298303991505,1.0,1.0,25224.298303991505,0.005186504772348499,0.2509460539051057,0.012392653222450534,-0.00101103669081474,0
2024-04-18,25694.45012662022,1.0,1.0,25694.45012662022,0.018467271830662213,0.2532088095182765,0.015002625495398547,-0.01268733174472136,0
2024-04-19,25949.048173846124,1.0,1.0,25949.048173846124,0.009859909503552089,0.24471421105897942,0.043146255370110964,0.003178486236948713,1
2024-04-22,25036.21381128991,1.0,1.0,25036.21381128991,-0.035811600524217724,0.27569422162099816,-0.005259022401110869,0.006769955555443867,1
2024-04-23,25163.37267843674,1.0,1.0,25163.37267843674,0.005066142891129388,0.27615749685679764,0.0025367749663089967,-0.00733237381687973,0
2024-04-24,25198.808500640625,1.0,1.0,25198.808500640625,0.0014072396080599958,0.2673980273133888,-0.014774210821197897,0.0008391039058946246,1
2024-04-25,25370.515392840447,1.0,1.0,25370.515392840447,0.006790976776755997,0.26466869317115804,-0.02008112657245853,-0.030586825981542033,0
2024-04-26,26031.65808401076,1.0,1.0,26031.65808401076,0.02572572748522184,0.26004297344440813,-0.023300698443856405,-0.03279572333411273,0
2024-04-29,25206.282896589088,1.0,1.0,25206.282896589088,-0.032220131205722424,0.27732034074508294,-0.06730226673592554,0.005498296706880493,1
2024-04-30,24979.54021127492,1.0,1.0,24979.54021127492,-0.00903618648119675,0.2669440496308255,-0.051853963728385466,0.028139745234532585,1
2024-05-01,25219.961792941336,1.0,1.0,25219.961792941336,0.009578717330835929,0.2703872948272845,-0.041493650494919265,0.009842327857972195,1
2024-05-02,24606.25951681979,1.0,1.0,24606.25951681979,-0.02463495311068087,0.2763874589377575,-0.047944042694579636,0.04756567193864213,1
2024-05-03,25191.778533266974,1.0,1.0,25191.778533266974,0.02351683013265138,0.2902456965949131,-0.016537889710107834,0.04114850462400587,1
2024-05-06,25345.25622702316,1.0,1.0,25345.25622702316,0.006073888835269159,0.27647150893127803,-0.03453642910099042,0.039014917338910514,1
2024-05-07,25692.44149751067,1.0,1.0,25692.44149751067,0.013605262046457511,0.27861176094591195,-0.03124419830074565,0.029373939831177417,1
2024-05-08,25469.4104897008,1.0,1.0,25469.4104897008,-0.00871870004572628,0.27782243087167285,-0.029228596177295785,0.04262296316916756,1
2024-05-09,25804.955171905625,1.0,1.0,25804.955171905625,0.013088390969990371,0.27705230225847305,-0.00044847474316611624,0.016210979742319293,1
2024-05-10,26250.005465071812,1.0,1.0,26250.005465071812,0.01709966281801556,0.28365670366923446,0.01586210117877762,-0.0029392239437446574,0
2024-05-13,26353.642448692794,1.0,1.0,26353.642448692794,0.003940301550173331,0.274062884876363,0.038688606758002564,-0.009008712141951475,0
2024-05-14,26458.323140923196,1.0,1.0,26458.323140923196,0.003964284538724883,0.27027039234275785,0.052949539722304095,-0.0066622933913856154,0
2024-05-15,26578.459822053173,1.0,1.0,26578.459822053173,0.004530323292264882,0.2701986596888642,0.05229335824222048,0.004825952634388213,1
2024-05-16,26226.687891978967,1.0,1.0,26226.687891978967,-0.013323592456860212,0.26902268672982116,0.020502493954698053,0.0017519862021386401,1
2024-05-17,26172.964096866086,1.0,1.0,26172.964096866086,-0.00205054086804779,0.26715044833998935,0.008592043583098175,0.002106637352749504,1
2024-05-20,26117.296255814108,1.0,1.0,26117.296255814108,-0.0021291866480321886,0.2308325911761028,0.04227445745928371,0.027839373350995684,1
2024-05-21,26282.635919261706,1.0,1.0,26282.635919261706,0.006310703289289066,0.23108585351395364,0.04351901785744339,0.010091073645398125,1
2024-05-22,26707.036212491163,1.0,1.0,26707.036212491163,0.0160185693180388,0.23620481995604753,0.05813034756742219,-0.01860389881511265,0
2024-05-23,26272.676961637808,1.0,1.0,26272.676961637808,-0.016397558889108765,0.24531303309224034,0.03494181190155743,0.0012525005835621026,1
2024-05-24,26228.1591582411,1.0,1.0,26228.1591582411,-0.0016958897174372822,0.22849740543415323,0.007520194698898308,0.016519024575425263,1
2024-05-27,26854.60084723537,1.0,1.0,26854.60084723537,0.023603549350212916,0.2078652929524431,0.06334387525483365,-0.00663176385328154,0
2024-05-28,26549.198623862103,1.0,1.0,26549.198623862103,-0.011437596416307372,0.20989998438912438,0.06094246531972303,0.026007812073949976,1
2024-05-29,26214.774405344044,1.0,1.0,26214.774405344044,-0.012676403142473092,0.2155058226286967,0.03868734484641401,0.05245026959749962,1
2024-05-30,26305.604121202723,1.0,1.0,26305.604121202723,0.0034588405095679065,0.1912781578414038,0.06678113846666278,0.06252166646286306,1
2024-05-31,26665.021096361408,1.0,1.0,26665.021096361408,0.01357063427442462,0.18030582323885264,0.05683494260843602,0.05795036429078369,1
2024-06-03,26677.096709361558,1.0,1.0,26677.096709361558,0.0004527609215063677,0.1800732503870278,0.05121381469467323,0.09442751155545227,1
2024-06-04,27248.742565184926,1.0,1.0,27248.742565184926,0.021201979510925284,0.18809345245290804,0.058810532159141005,0.07026735660426527,1
2024-06-05,27626.44400176087,1.0,1.0,27626.44400176087,0.013766054381076032,0.18653485802233088,0.08129528658594332,0.02522160938004065,1
2024-06-06,28002.77654005237,1.0,1.0,28002.77654005237,0.013530237374929754,0.1868247174923898,0.0817371329908827,0.03722882089557742,1
2024-06-07,28255.920179300014,1.0,1.0,28255.920179300014,0.008999332102346713,0.1814776619579116,0.07363680227521385,0.021294217744456598,1
2024-06-10,29318.91607939073,1.0,1.0,29318.91607939073,0.03692990818617581,0.21650191165800495,0.10662640891121633,-0.01366391567748022,0
2024-06-11,29232.313737523247,1.0,1.0,29232.313737523247,-0.0029581754402645544,0.21846716147428455,0.0997039489322269,0.01019056199319132,1
2024-06-12,28332.08872229062,1.0,1.0,28332.08872229062,-0.0312796928431478,0.2536093266601891,0.06389393279681421,0.016509856335808634,1
2024-06-13,29064.935683468328,1.0,1.0,29064.935683468328,0.02553744889046783,0.25752329596667883,0.10275497414414225,-0.028466365914052473,0
2024-06-14,28864.05984582181,1.0,1.0,28864.05984582181,-0.006935271048774894,0.25990441717509,0.09787024396341515,-0.046476034556811326,0
2024-06-17,28921.029417743764,1.0,1.0,28921.029417743764,0.0019717747642378214,0.2588402178411242,0.10197120537568516,-0.06068146287560644,0
2024-06-18,29531.730464090106,1.0,1.0,29531.730464090106,0.02089630223040828,0.26485422283429183,0.11655680431680437,-0.07438132189116486,0
2024-06-19,28803.730089292167,1.0,1.0,28803.730089292167,-0.02496039850052867,0.28324741396681374,0.0755778364982369,-0.04089292335670996,0
2024-06-20,28249.22779094993,1.0,1.0,28249.22779094993,-0.019438773359395256,0.2863098211973719,0.07253662202795041,-0.016830423178832283,0
2024-06-21,27553.268921380775,1.0,1.0,27553.268921380775,-0.024944939691534884,0.3034245021389361,0.04928757205385281,-0.01386163739326414,0
2024-06-24,27218.245235312006,1.0,1.0,27218.245235312006,-0.012233653554554635,0.29690598677064534,0.013450369149085262,-0.03773587587937641,0
2024-06-25,27414.82628534706,1.0,1.0,27414.82628534706,0.0071964432148501345,0.2941807142762272,0.03208440878024277,-0.04380351312314903,0
2024-06-26,27649.619660816643,1.0,1.0,27649.619660816643,0.008528000033923178,0.2901294536219834,0.05328881195663904,-0.0594884698606104,0
2024-06-27,27777.759963348948,1.0,1.0,27777.759963348948,0.00462372681848322,0.2902012140335716,0.05445369826555435,-0.0566047333389921,0
2024-06-28,27173.970421070524,1.0,1.0,27173.970421070524,-0.021976153905965745,0.2998482494531234,0.018906910085163986,-0.02330103145555734,0
2024-07-01,26210.27876906191,1.0,1.0,26210.27876906191,-0.03610789204066833,0.3274582045767597,-0.017653742877010714,0.015256775962766062,1
2024-07-02,26239.88179313184,1.0,1.0,26239.88179313184,0.0011288059710778953,0.3170906163236943,-0.0377269164168581,0.026371758328296097,1
2024-07-03,26052.754524863518,1.0,1.0,26052.754524863518,-0.00715695670353611,0.3120499098291575,-0.058649927501470245,0.0374112723348639,1
2024-07-04,26249.080657880397,1.0,1.0,26249.080657880397,0.007507463340100884,0.30854833790796476,-0.06467270153629912,0.03852436091814032,1
2024-07-05,26548.10880882524,1.0,1.0,26548.10880882524,0.011327547977469266,0.3098804155495016,-0.06234448566117656,0.016372069632475766,1
2024-07-08,26613.22916595431,1.0,1.0,26613.22916595431,0.002449915377654932,0.27272227079736006,-0.09682447846969744,0.011366357824503074,1
2024-07-09,26941.078876384334,1.0,1.0,26941.078876384334,0.012243788336606443,0.27937186057709257,-0.08162251469282644,0.002494319184619336,1
2024-07-10,27045.88248027325,1.0,1.0,27045.88248027325,0.00388255730303122,0.2612628764814826,-0.04646026454664742,0.011806688208581348,1
2024-07-11,27280.040751174613,1.0,1.0,27280.040751174613,0.008620551923378628,0.2436431618466097,-0.06337716151373662,-0.0027418868653912003,0
2024-07-12,26986.33383153426,1.0,1.0,26986.33383153426,-0.010824743308196716,0.24482891283870847,-0.06726663377315845,0.016563286701557118,1
2024-07-15,26917.45031947351,1.0,1.0,26917.45031947351,-0.002555796430316448,0.2440465889634679,-0.07179420496771272,0.015205333138371567,1
2024-07-16,27008.36240469336,1.0,1.0,27008.36240469336,0.0033717496967238247,0.22813529024465412,-0.08931875750139717,0.010255285763192498,1
2024-07-17,27367.09729222999,1.0,1.0,27367.09729222999,0.013194926326992373,0.22281448831166228,-0.05116343267387613,0.010396873878589882,1
2024-07-18,27205.34441699731,1.0,1.0,27205.34441699731,-0.005928023150595152,0.21423458830257375,-0.037652682465076026,-0.014790036044708611,0
2024-07-19,27437.038487118858,1.0,1.0,27437.038487118858,0.008480430258753557,0.1988105601656852,-0.0042273125147875845,-0.043415168853636665,0
2024-07-22,27329.866636632538,1.0,1.0,27329.866636632538,-0.003913749993502691,0.19427955455462037,0.00409259104626436,-0.06257082734341772,0
2024-07-23,27286.765993337143,1.0,1.0,27286.765993337143,-0.0015782976784564084,0.19258055594155268,-0.004682149847042183,-0.09747071166065793,0
2024-07-24,27653.11381364254,1.0,1.0,27653.11381364254,0.01333651444239159,0.19620456464234182,0.00012636456142622876,-0.12121606954623704,0
2024-07-25,26805.937295990854,1.0,1.0,26805.937295990854,-0.031114933073894235,0.22408085928900612,-0.03561229533095123,-0.07802584447178251,0
2024-07-26,26271.342368978167,1.0,1.0,26271.342368978167,-0.020144702550174642,0.22197603888984058,-0.033780843975160124,-0.062094826795415586,0
2024-07-29,25672.21536419489,1.0,1.0,25672.21536419489,-0.023069408483284093,0.19877420200749735,-0.020742360417775885,-0.035637699848163534,0
2024-07-30,24752.614278391557,1.0,1.0,24752.614278391557,-0.036478181995695635,0.23488403513299158,-0.058349348384549415,0.018266862821879025,1
2024-07-31,24496.3044501281,1.0,1.0,24496.3044501281,-0.010408843443189042,0.23594374925122533,-0.06160123512420235,0.0498576149463946,1
2024-08-01,24793.897625480244,1.0,1.0,24793.897625480244,0.012075292000561788,0.23919702809511234,-0.05703340646374144,0.0369663202784965,1
2024-08-02,24689.643754825378,1.0,1.0,24689.643754825378,-0.0042136848738092425,0.23326613358500126,-0.07257463931501995,0.06276979667194808,1
2024-08-05,24773.427153997272,1.0,1.0,24773.427153997272,0.0033877184639674596,0.23361375321343766,-0.07163683622870742,0.06110575416434562,1
2024-08-06,25208.921853581538,1.0,1.0,25208.921853581538,0.01742638067434754,0.2389339703649791,-0.06645424389096632,0.030764408518323533,1
2024-08-07,25748.590361008773,1.0,1.0,25748.590361008773,0.021181908681326078,0.2533113214028988,-0.049154892512671466,0.0004943916358440022,1
2024-08-08,25727.588012745506,1.0,1.0,25727.588012745506,-0.0008160026673369458,0.250031100429803,-0.05859144710338704,-0.021733046684108,0
2024-08-09,26289.080719445967,1.0,1.0,26289.080719445967,0.021589791519643242,0.2626134569321651,-0.026176912275547082,-0.05703681424293789,0
2024-08-12,26334.43365144739,1.0,1.0,26334.43365144739,0.0017236759563665771,0.2627832387031717,-0.021897439888864056,-0.06412590560717585,0
2024-08-13,25996.512182250724,1.0,1.0,25996.512182250724,-0.012914964971674436,0.26545728580221084,-0.03818415455726232,-0.038282848659869306,0
2024-08-14,25761.323396011678,1.0,1.0,25761.323396011678,-0.009088108201153133,0.26037672682010726,-0.060467189085407824,-0.0018223453981143728,0
2024-08-15,25174.481259198645,1.0,1.0,25174.481259198645,-0.023043440987288832,0.26982549196890415,-0.0775826069221015,-0.0002733997864485973,0
2024-08-16,24831.595563467672,1.0,1.0,24831.595563467672,-0.013713976039186448,0.26783564922538683,-0.09977701322004151,0.01989984483907248,1
2024-08-19,24698.72052169117,1.0,1.0,24698.72052169117,-0.005365415407872831,0.2678079314049407,-0.10122867863441165,0.009151050973653142,1
2024-08-20,25020.100792968915,1.0,1.0,25020.100792968915,0.012928091975631162,0.27515974993599884,-0.08672228898032408,0.003971552911672495,1
2024-08-21,25714.420116839356,1.0,1.0,25714.420116839356,0.027372395060602628,0.2911615353050084,-0.07268640836211304,-0.0251924453905175,0
2024-08-22,25167.59950217674,1.0,1.0,25167.59950217674,-0.021494495375623757,0.2809418028871641,-0.06306597066384256,-0.032259189037742796,0
2024-08-23,25330.68994247354,1.0,1.0,25330.68994247354,0.006459268586334943,0.2754183911759932,-0.03646199952733298,-0.023826336696500163,0
2024-08-26,24925.777090780983,1.0,1.0,24925.777090780983,-0.01611420927329199,0.2693417118039497,-0.029506800317340875,-0.01696717561234751,0
2024-08-27,25119.667032544497,1.0,1.0,25119.667032544497,0.007748593913650126,0.2369097947541353,0.014719975592004886,-0.032851090492196186,0
2024-08-28,25074.70284667928,1.0,1.0,25074.70284667928,-0.0017916032415872252,0.23348310077427528,0.023337215793606703,-0.04763368672293481,0
2024-08-29,24368.668862556147,1.0,1.0,24368.668862556147,-0.02856123902284935,0.2521160054628079,-0.017299315229804435,-0.029103623317767176,0
2024-08-30,24734.285673946793,1.0,1.0,24734.285673946793,0.014892120927576968,0.257807540635069,0.0018064905715817758,-0.036984285746570957,0
2024-09-02,24506.424726602076,1.0,1.0,24506.424726602076,-0.009255048189137582,0.25956284872542906,-0.010836276081523266,-0.030436738330114715,0
2024-09-03,24307.865860876864,1.0,1.0,24307.865860876864,-0.008135320966198734,0.2518377374542314,-0.03639797772206954,-0.016852659883147453,0
2024-09-04,23908.30280897259,1.0,1.0,23908.30280897259,-0.016574199472326967,0.24155089324615844,-0.07415408587572259,0.005694090499110788,1
2024-09-05,23669.673293060237,1.0,1.0,23669.673293060237,-0.010031175617680077,0.24230137806798682,-0.08336925882606572,0.03679654968774247,1
2024-09-06,23836.215394274983,1.0,1.0,23836.215394274983,0.007011458498773493,0.22677488221082906,-0.09794759184693547,0.024659534196523288,1
2024-09-09,23771.766110291017,1.0,1.0,23771.766110291017,-0.0027075007726828915,0.22560140726767464,-0.10237876857598494,0.004381527993954808,1
2024-09-10,23901.64621999164,1.0,1.0,23901.64621999164,0.0054487574807691175,0.2265997155816224,-0.08401504612354138,0.01601276123447173,1
2024-09-11,24044.827171009954,1.0,1.0,24044.827171009954,0.00597255090993265,0.22858890908742294,-0.0689543870124556,0.005092579773377293,1
2024-09-12,24556.858173000997,1.0,1.0,24556.858173000997,0.021071283570950783,0.23204078625343152,-0.024839662454215983,0.0018472947433587077,1
2024-09-13,24431.3126171846,1.0,1.0,24431.3126171846,-0.005125556992446434,0.22788364564562275,-0.016251243407475968,0.013283291218947542,1
2024-09-16,23876.15128525515,1.0,1.0,23876.15128525515,-0.02298550697525137,0.24077133126253758,-0.033871334974854506,0.034476393675556584,1
2024-09-17,24287.458288534017,1.0,1.0,24287.458288534017,0.017079990721287075,0.2445370856874895,-0.029719436229198593,0.023161924455900963,1
2024-09-18,24167.589695175204,1.0,1.0,24167.589695175204,-0.004947630551162874,0.2195881757094316,-0.062039461840964094,0.059107932222486455,1
2024-09-19,24602.26385394302,1.0,1.0,24602.26385394302,0.01782599854093192,0.22026331922096615,-0.022718967924408418,0.07426411993829775,1
2024-09-20,24758.00583448842,1.0,1.0,24758.00583448842,0.0063104394831423605,0.22019587603117013,-0.022867797027601,0.069319148089524,1
2024-09-23,24713.669219402786,1.0,1.0,24713.669219402786,-0.0017924045186425985,0.2130332755191556,-0.008545992272951608,0.07390713478448918,1
2024-09-24,24856.567957701533,1.0,1.0,24856.567957701533,0.005765521501631454,0.2121382696839871,-0.01052906468497028,0.08536362007434846,1
2024-09-25,25639.14791789178,1.0,1.0,25639.14791789178,0.03099837721542187,0.23968630503001181,0.022260915772038814,0.041320150877811955,1
2024-09-26,26498.883107719917,1.0,1.0,26498.883107719917,0.03298218625674387,0.23817918828920695,0.08380434105163204,0.013856147408954493,1
2024-09-27,26535.091189806702,1.0,1.0,26535.091189806702,0.0013654676343701766,0.23493568830567943,0.07027768775842524,0.012356195664177842,1
2024-09-30,26609.37600405565,1.0,1.0,26609.37600405565,0.0027955821763221422,0.23009306499271223,0.08232831812388497,0.014777020603040402,1
2024-10-01,27071.611747093055,1.0,1.0,27071.611747093055,0.01722200679149033,0.2297902927533869,0.10768564588157403,-0.015296493793257471,0
2024-10-02,26720.75354610427,1.0,1.0,26720.75354610427,-0.013045091981114254,0.2256210993277989,0.11121475337278675,-0.02701191934853987,0
2024-10-03,26868.61112578473,1.0,1.0,26868.61112578473,0.005518182787886516,0.21799125640785585,0.12676411177835334,-0.06490370517366242,0
2024-10-04,26864.99796748123,1.0,1.0,26864.99796748123,-0.0001344841104078398,0.21917112424928256,0.119618169169172,-0.0820935493285626,0
2024-10-07,27005.50288083779,1.0,1.0,27005.50288083779,0.005216407115185007,0.21679686265131054,0.1275420770570399,-0.09426059574819914,0
2024-10-08,26660.662063567757,1.0,1.0,26660.662063567757,-0.012851507604807466,0.22731315640830194,0.10924181197146332,-0.08575360416384263,0
2024-10-09,26008.635838258735,1.0,1.0,26008.635838258735,-0.024760517536394744,0.25130876780437283,0.07850874352513593,-0.030211746025265458,0
2024-10-10,25180.125871220855,1.0,1.0,25180.125871220855,-0.032373603037237686,0.27356641672501064,0.025063856916947458,0.01985243285598482,1
2024-10-11,24747.654063161113,1.0,1.0,24747.654063161113,-0.017324328265306832,0.2806736190838188,0.01286508564408706,0.022298067674321617,1
2024-10-14,24576.2384602601,1.0,1.0,24576.2384602601,-0.0069506393044527215,0.26826657672944676,0.028899953314885707,0.034997417855401884,1
2024-10-15,24469.69819906018,1.0,1.0,24469.69819906018,-0.004344516020449163,0.2624212307070527,0.007475446573149469,0.03320387170801718,1
2024-10-16,25234.62058656512,1.0,1.0,25234.62058656512,0.030781340602180407,0.2826767562252589,0.04320441772649275,-0.0017829609416674043,0
2024-10-17,25685.007612971527,1.0,1.0,25685.007612971527,0.017690575844012457,0.2825776069631707,0.04306899502957329,-0.016282114683014454,0
2024-10-18,25305.67722662771,1.0,1.0,25305.67722662771,-0.014878693446970459,0.2883933531400153,0.021879862099460468,0.008620424763029521,1
2024-10-21,25451.57119788274,1.0,1.0,25451.57119788274,0.005748710876629204,0.28863450766154375,0.02942097749473227,-0.002198287573079093,0
2024-10-22,25295.826346375583,1.0,1.0,25295.826346375583,-0.006138062167835301,0.289377305287622,0.017517393825265515,0.020966678885490603,1
2024-10-23,25189.668329649052,1.0,1.0,25189.668329649052,-0.004205492047503867,0.26688066908213387,-0.01768647543766022,0.007461151732769686,1
2024-10-24,25270.18761108046,1.0,1.0,25270.18761108046,0.0031914221026667633,0.2358919593100354,-0.04747723959173733,0.004642377938967579,1
2024-10-25,25524.765875106452,1.0,1.0,25524.765875106452,0.0100238459990738,0.23968403627098958,-0.03881886122703371,0.035800865280324966,1
2024-10-28,25395.6827771201,1.0,1.0,25395.6827771201,-0.005070001459479556,0.23924822770705545,-0.046684444862835406,0.04465685992347157,1
2024-10-29,25831.794920775148,1.0,1.0,25831.794920775148,0.01702690429073428,0.2390376199244981,-0.046879547363591456,0.0504737799971628,1
2024-10-30,25378.315153298136,1.0,1.0,25378.315153298136,-0.017711019200225664,0.24235876759953473,-0.051545474582702866,0.06989892398741081,1
2024-10-31,25387.774101842973,1.0,1.0,25387.774101842973,0.00037264830886485356,0.24076214571750473,-0.05669100906172453,0.07894547267103677,1
2024-11-01,26455.129115451666,1.0,1.0,26455.129115451666,0.04118233334042998,0.28711467738850754,-0.015374191610886712,0.0371417055349067,1
2024-11-04,26555.47789398711,1.0,1.0,26555.47789398711,0.0037859931836674576,0.2867638779324841,-0.01680460554240426,0.03094486266107749,1
2024-11-05,27169.088489584425,1.0,1.0,27169.088489584425,0.022843824364425558,0.29481321293954527,0.018890726426828763,-0.0039018381304588927,0
2024-11-06,27215.6996349338,1.0,1.0,27215.6996349338,0.0017141247900234191,0.27873687448863366,0.045365368753246926,0.0014334639720659228,1
2024-11-07,27473.260776388324,1.0,1.0,27473.260776388324,0.009419196992491052,0.24758351077222177,0.08715816878297566,-0.02112336576670521,0
2024-11-08,27456.193267376522,1.0,1.0,27456.193267376522,-0.0006214337957004545,0.2349599107096024,0.10386106325258204,-0.009747132298774691,0
2024-11-11,27390.080238654064,1.0,1.0,27390.080238654064,-0.002410849690161143,0.23238642604512436,0.10840085286687362,0.010028198630836684,1
2024-11-12,27063.28565115211,1.0,1.0,27063.28565115211,-0.012002876427112952,0.23817241342929163,0.10074249246020983,0.028076219609004985,1
2024-11-13,27254.740334868315,1.0,1.0,27254.740334868315,0.007049426892550059,0.21821081673918138,0.07701057875057948,0.01679161635477692,1
2024-11-14,26899.019347958227,1.0,1.0,26899.019347958227,-0.013137632746280659,0.21971096661002293,0.04618237016028637,0.03735135243419729,1
2024-11-15,27189.87415150924,1.0,1.0,27189.87415150924,0.01075479967223103,0.2118136085835943,0.07181586327948786,0.022008226523461002,1
2024-11-18,27666.135257636677,1.0,1.0,27666.135257636677,0.017364481239448892,0.217324594249914,0.08343163364230755,0.019650045088151578,1
2024-11-19,27833.88757708988,1.0,1.0,27833.88757708988,0.00604514455105587,0.2139354544526841,0.09561484036119872,-0.014964216814515567,0
2024-11-20,27716.255426649044,1.0,1.0,27716.255426649044,-0.004235176361678583,0.21395201722439958,0.095585156047024,-0.01574154224372573,0
2024-11-21,27922.73364189291,1.0,1.0,27922.73364189291,0.007422103333139418,0.21406259586789086,0.09981583727749666,-0.054243170058110544,0
2024-11-22,27794.90850644016,1.0,1.0,27794.90850644016,-0.004588326238504692,0.21578286246400655,0.08520366503991816,-0.07292702130985258,0
