date,return,latent_audit,price,return_pct,vol20_annual_pct,prob_LowVol_Bull,prob_Range,prob_HighVol_Crash,regime
2021-04-16,0.021516103460753878,1,94.93926419262267,2.1516103460753877,12.82647656581834,2.1456580205349798e-30,0.8478250031599079,0.1521749968400918,Range
2021-04-19,0.014809013772772602,1,96.34522106362812,1.4809013772772601,13.578348693000025,3.4394549049557656e-30,0.9633669816530362,0.03663301834696397,Range
2021-04-20,0.01623594822856981,1,97.90947708488731,1.623594822856981,14.395576251206085,3.504124105596243e-36,0.9316698754965763,0.0683301245034235,Range
2021-04-21,0.02038207396897826,1,99.90507528909546,2.038207396897826,15.491237098886677,9.476174063452704e-47,0.7100777869248202,0.28992221307517996,Range
2021-04-22,0.005854994475570357,1,100.49001895299455,0.5854994475570358,14.855577804633194,6.781323737722886e-35,0.9818572854856241,0.01814271451437592,Range
2021-04-23,-0.01120447937344596,1,99.36408060839852,-1.120447937344596,14.814459655922063,3.3392455067743935e-36,0.9588283577170293,0.04117164228297085,Range
2021-04-26,-0.011818273411413777,1,98.18976873649471,-1.1818273411413778,14.82260963005542,1.6154204635797106e-36,0.9539392291540427,0.046060770845957215,Range
2021-04-27,-0.007962958164163746,1,97.40788771589709,-0.7962958164163746,15.527111856368137,5.407904427283523e-40,0.9612575845327533,0.03874241546724685,Range
2021-04-28,0.002061436825788508,1,97.60868792275691,0.20614368257885082,15.320639024759606,1.5871028570824966e-37,0.9801545062414938,0.01984549375850618,Range
2021-04-29,0.015506346887264343,1,99.12224209689789,1.5506346887264342,15.755830515253946,2.7693543581847756e-45,0.8787254817210656,0.12127451827893453,Range
2021-04-30,-0.002807141227643224,1,98.84399196453126,-0.2807141227643224,15.989072128197504,2.1399727856255603e-42,0.9664031146705248,0.0335968853294752,Range
2021-05-03,0.00115576211034067,1,98.95823210527868,0.11557621103406701,15.746857184355978,1.5624114853057619e-40,0.9740984061479999,0.025901593852000023,Range
2021-05-04,-0.004025897950810475,1,98.55983636143021,-0.40258979508104753,16.046905788796657,5.73596805704206e-43,0.9623004187906758,0.037699581209324054,Range
2021-05-05,-0.01175191417307117,1,97.40156962359873,-1.1751914173071172,16.987539756350397,1.7408266792575974e-52,0.8106549374446839,0.1893450625553162,Range
2021-05-06,0.0011463867286736857,0,97.51322949036721,0.11463867286736858,17.005512259632756,2.7633433943855064e-50,0.931977409713952,0.06802259028604803,Range
2021-05-07,-0.002355562985448259,0,97.28353093638819,-0.23555629854482588,17.11032369773145,3.7585807207781406e-51,0.9204928221558778,0.07950717784412198,Range
2021-05-10,0.005350333742625341,0,97.80403029455887,0.5350333742625341,17.105040780211443,1.0547338788813508e-51,0.914564544258122,0.08543545574187804,Range
2021-05-11,0.0036615105292990982,0,98.16214078129029,0.36615105292990985,16.75454032205197,1.5636414663803854e-48,0.9414233680223123,0.058576631977687685,Range
2021-05-12,0.00028760913350770205,0,98.19037310954367,0.028760913350770204,16.37192301039522,3.2879428394897935e-45,0.9591796455205683,0.04082035447943161,Range
2021-05-13,-0.0018917905807603098,0,98.0046174865737,-0.18917905807603097,16.442360707711707,8.734370431169554e-46,0.9547355770492312,0.04526442295076878,Range
2021-05-14,-0.0035510176237736474,0,97.65660136266769,-0.35510176237736474,14.98195145255382,2.813351593107565e-35,0.981705203712284,0.018294796287716006,Range
2021-05-17,0.0035029251984796082,0,97.99868513237884,0.35029251984796084,14.16024848555277,6.65300459320002e-30,0.988812534284847,0.011187465715152977,Range
2021-05-18,-0.0017811717682561067,0,97.82413264109483,-0.17811717682561068,12.964031399458387,1.260537367119451e-22,0.9927604678925112,0.007239532107488847,Range
2021-05-19,0.0025897842742140112,0,98.07747604144735,0.25897842742140115,10.568846251766775,3.740721918555705e-11,0.9939082162142452,0.006091783748347585,Range
2021-05-20,0.005077330471420145,0,98.57544779911258,0.5077330471420145,10.506327202373274,3.2769697246178056e-11,0.9930613845813587,0.0069386153858715235,Range
2021-05-21,0.0016753402677730411,0,98.74059521622418,0.1675340267773041,9.809069320403967,3.285511730761799e-08,0.9931452676853065,0.006854699459576105,Range
2021-05-24,-0.0011528732100952947,0,98.62675982925053,-0.11528732100952947,8.829149956514469,4.408864931077198e-05,0.990475673798498,0.009480237552191316,Range
2021-05-25,-0.0009433365804554898,0,98.5337215988918,-0.09433365804554898,8.30026266594073,0.0012958888631498704,0.9868250429915875,0.011879068145262793,Range
2021-05-26,-8.243290478612115e-05,0,98.52559917800102,-0.008243290478612116,8.284647337091677,0.0015731358682765629,0.9866115706957271,0.011815293435996223,Range
2021-05-27,0.0023143695175694328,0,98.75362382143884,0.2314369517569433,6.162981876106003,0.9444067284085572,0.05296944805838598,0.0026238235330568616,LowVol_Bull
2021-05-28,0.0025856563790425877,0,99.0089667588263,0.2585656379042588,6.1552624038905766,0.9440035218916191,0.05331618881702935,0.00268028929135163,LowVol_Bull
2021-05-31,-0.0014552698816985182,0,98.86488199148408,-0.14552698816985182,6.165101940202229,0.9293589345025152,0.06731822262018823,0.003322842877296707,LowVol_Bull
2021-06-01,0.003951074412990082,0,99.25550449706392,0.3951074412990082,6.131229866192372,0.9338667400440381,0.06272115770965375,0.003412102246308125,LowVol_Bull
2021-06-02,-0.0007244947412602498,0,99.18359440601466,-0.07244947412602498,4.181873646175925,0.9945089045244436,0.004092878673977751,0.0013982168015785961,LowVol_Bull
2021-06-03,-0.0029461518913396862,0,98.8913844717655,-0.2946151891339686,4.397958727360422,0.9899425549540385,0.007808017892476624,0.00224942715348501,LowVol_Bull
2021-06-04,0.005021498726746019,0,99.38796743297664,0.502149872674602,4.495423537913555,0.9923378446504422,0.005979449013963102,0.0016827063355946918,LowVol_Bull
2021-06-07,0.002806115884105627,0,99.6668615870793,0.28061158841056266,4.2589544868126525,0.9952989130906014,0.003547998361171056,0.0011530885482275805,LowVol_Bull
2021-06-08,0.00458808951163649,0,100.12414206938472,0.458808951163649,4.349023466171783,0.9933588769014529,0.005025823666951607,0.0016152994315955737,LowVol_Bull
2021-06-09,0.0032401307398045648,0,100.44855737990031,0.3240130739804565,4.411291874388449,0.9950515019804053,0.003869347543508568,0.0010791504760861645,LowVol_Bull
2021-06-10,-0.0026346593428972654,0,100.1839096497188,-0.26346593428972653,4.486278582901324,0.9910153076881744,0.007144138696896231,0.0018405536149293355,LowVol_Bull
2021-06-11,0.0019808716653907255,0,100.38236111767198,0.19808716653907255,4.141455405572712,0.9954518440708616,0.0033388156744632693,0.001209340254675128,LowVol_Bull
2021-06-14,0.00321179044512895,0,100.7047682259692,0.32117904451289503,4.122915733675951,0.9948142327679925,0.0037418046691218543,0.0014439625628856932,LowVol_Bull
2021-06-15,-0.0038644515326094137,0,100.31559953005728,-0.38644515326094137,4.391413067344054,0.9851033881501862,0.011409943141908416,0.0034866687079053967,LowVol_Bull
2021-06-16,0.0018015926092720229,0,100.49632737276532,0.1801592609272023,4.36865632261126,0.9956909288330785,0.00336931451434426,0.0009397566525772735,LowVol_Bull
2021-06-17,-0.004841892424830558,0,100.00973496653585,-0.48418924248305584,4.61948050303213,0.9750046850229834,0.01990949972431817,0.005085815252698461,LowVol_Bull
2021-06-18,0.004442342948129255,0,100.4540125074087,0.4442342948129255,4.795903704163754,0.992553365629549,0.006224493202598881,0.0012221411678521611,LowVol_Bull
2021-06-21,0.0006589755895367703,0,100.52020924952213,0.06589755895367704,4.737567919000751,0.9951088391085252,0.004130455667802561,0.000760705223672227,LowVol_Bull
2021-06-22,0.002371181566562442,0,100.75856091676158,0.2371181566562442,4.707366922432647,0.9951124570261424,0.004086760313931156,0.000800782659926453,LowVol_Bull
2021-06-23,0.004466102232888483,0,101.20855895065458,0.4466102232888483,4.828443308969428,0.992322713086153,0.00645115450713382,0.0012261324067132015,LowVol_Bull
2021-06-24,0.0021596597211381336,0,101.42713499885474,0.21596597211381335,4.824650077716612,0.9948082067534283,0.004429164133903483,0.0007626291126682168,LowVol_Bull
2021-06-25,0.0037479130083267094,0,101.80727507751426,0.3747913008326709,4.8817225408914275,0.99324423484865,0.005760873351945535,0.0009948917994044614,LowVol_Bull
2021-06-28,0.0011442955407691394,0,101.92377268840332,0.11442955407691394,4.765968942692069,0.9951275773692122,0.004131019869118357,0.0007414027616694027,LowVol_Bull
2021-06-29,-0.003948385717068483,0,101.52133832009069,-0.39483857170684833,5.049924982690343,0.978922193416657,0.018273795401422016,0.0028040111819209496,LowVol_Bull
2021-06-30,-0.0006050644857826385,0,101.45991136372407,-0.06050644857826385,5.044270092701369,0.9926844795923525,0.0064445105244472925,0.0008710098832001973,LowVol_Bull
2021-07-01,0.003652267200613587,0,101.83047007017495,0.3652267200613587,4.8763236735614335,0.9934040873570399,0.005623930625507382,0.0009719820174527644,LowVol_Bull
2021-07-02,0.004283175480097677,0,102.26662784270634,0.42831754800976773,4.811615222532875,0.9927733956805685,0.006066155595396115,0.0011604487240353795,LowVol_Bull
2021-07-05,0.0022845927726967193,0,102.50026544156385,0.22845927726967194,4.7954096423871935,0.994870481483477,0.0043539044349552025,0.0007756140815677521,LowVol_Bull
2021-07-06,-0.0022635532419842935,0,102.26825063341936,-0.22635532419842935,4.809292840250701,0.9910216613016816,0.007610589783962031,0.0013677489143564896,LowVol_Bull
2021-07-07,0.002287648281309981,0,102.50220442121348,0.2287648281309981,4.76380905749423,0.9949774347389414,0.004241466755991124,0.0007810985050674311,LowVol_Bull
2021-07-08,0.0024390035661216733,0,102.75220766333216,0.24390035661216733,4.585100360710243,0.9953508675069708,0.0037989704104995406,0.0008501620825296891,LowVol_Bull
2021-07-09,0.0007219316732146196,0,102.82638773653703,0.07219316732146196,4.581002650011545,0.9954668530224484,0.0037226863842785784,0.0008104605932729768,LowVol_Bull
2021-07-12,0.002669249242972257,0,103.10085699416037,0.2669249242972257,4.553484089743695,0.9952925311791634,0.0038168005087169453,0.0008906683121197141,LowVol_Bull
2021-07-13,-0.003956020108425974,0,102.6929879306955,-0.3956020108425974,4.567035187351072,0.9842485059705497,0.012564001343577184,0.0031874926858731817,LowVol_Bull
2021-07-14,0.0031994360254528603,0,103.02154757584236,0.31994360254528603,4.619098399028464,0.9948260188855159,0.004234233289389016,0.0009397478250950916,LowVol_Bull
2021-07-15,0.0016784161650179857,0,103.19446060663884,0.16784161650179857,4.02043537545114,0.9952063415561738,0.0033903328648064632,0.0014033255790197347,LowVol_Bull
2021-07-16,-0.0019228239400121275,0,102.99603582730776,-0.19228239400121275,4.052387410809703,0.9921022781800719,0.005606984855891194,0.002290736964036864,LowVol_Bull
2021-07-19,0.0061781505314730915,0,103.63236084079387,0.6178150531473091,4.403374736411039,0.9884099976076594,0.008640641550199132,0.002949360842141654,LowVol_Bull
2021-07-20,0.0008903221726610172,0,103.72462702945562,0.08903221726610172,4.3971965397183,0.9956545980800056,0.0034310397980438934,0.0009143621219505885,LowVol_Bull
2021-07-21,-0.0025257113962085086,0,103.46264855689984,-0.25257113962085087,4.462161823427251,0.9913752514851402,0.006827384637237003,0.001797363877622787,LowVol_Bull
2021-07-22,0.006167243937888054,0,104.10072794901023,0.6167243937888054,4.801556067908655,0.9865012086542009,0.0110468135727017,0.002451977773097485,LowVol_Bull
2021-07-23,-0.000982842563956419,0,103.9984133226431,-0.0982842563956419,4.776045735356426,0.9937313382046098,0.005316383845262474,0.0009522779501277728,LowVol_Bull
2021-07-26,0.001017655556476069,0,104.10424788582557,0.10176555564760689,4.775994477558082,0.9950785267331111,0.004180136481353214,0.0007413367855355989,LowVol_Bull
2021-07-27,0.00021779899325450745,0,104.12692168620863,0.021779899325450745,4.411190166576057,0.995415602712317,0.003633149759224886,0.0009512475284581025,LowVol_Bull
2021-07-28,-0.0010354851069587858,0,104.0190998095691,-0.10354851069587859,4.438040438759022,0.9943630320484141,0.004481664060587289,0.0011553038909985327,LowVol_Bull
2021-07-29,0.005952749001465527,0,104.63829940209384,0.5952749001465527,4.672146317155117,0.9885849918558287,0.00913311666197894,0.0022818914821923684,LowVol_Bull
2021-07-30,-0.0004690701536193662,0,104.58921669891883,-0.046907015361936616,4.582132092640803,0.9948043838188514,0.004264681679217948,0.0009309345019306128,LowVol_Bull
2021-08-02,-0.0012491254480722469,0,104.45857164674628,-0.12491254480722469,4.635152353943246,0.9938102505703753,0.005119127758632947,0.0010706216709917035,LowVol_Bull
2021-08-03,-0.0017136580717927667,0,104.2795653722759,-0.17136580717927666,4.588450442999248,0.9931443223215622,0.005606948127610831,0.0012487295508269401,LowVol_Bull
2021-08-04,-8.235780814061272e-05,0,104.27097713583797,-0.008235780814061271,4.575851834362923,0.9951061769360218,0.004014675150512107,0.0008791479134660749,LowVol_Bull
2021-08-05,0.00034776204845620416,0,104.30723862444127,0.03477620484562042,4.540197418142748,0.9953875364925464,0.0037582481170911346,0.0008542153903624794,LowVol_Bull
2021-08-06,0.003918080105483976,0,104.71592274095364,0.3918080105483976,4.676787259476218,0.9939116031986737,0.005006766047158202,0.001081630754168144,LowVol_Bull
2021-08-09,-0.0004888429283674948,0,104.66473310263427,-0.048884292836749485,4.653967865234433,0.9946447319829504,0.004454729248798449,0.0009005387682511475,LowVol_Bull
2021-08-10,0.0007040847006366802,0,104.73842593990805,0.07040847006366802,4.309243866962425,0.9955879383372862,0.0034107245277839055,0.001001337134929948,LowVol_Bull
2021-08-11,-0.00030939249533844726,0,104.70602065694867,-0.030939249533844727,4.250235410696684,0.995002385941326,0.003802155370999868,0.0011954586876741305,LowVol_Bull
2021-08-12,-0.006058813557680841,0,104.07162639942156,-0.6058813557680841,4.882074974321197,0.9424906778273876,0.04730616024193101,0.010203161930681383,LowVol_Bull
2021-08-13,0.0007913005888356586,0,104.1539783386725,0.07913005888356586,4.8031752768358915,0.9949382560094273,0.00431870146725904,0.0007430425233136081,LowVol_Bull
2021-08-16,0.003521708888342471,0,104.52077832994404,0.3521708888342471,4.47249724484304,0.9947666532862787,0.004140045766789483,0.0010933009469318781,LowVol_Bull
2021-08-17,-0.0025243992645008727,0,104.25692615400288,-0.2524399264500873,4.588690411190261,0.9911765934290456,0.007176756938684733,0.0016466496322696908,LowVol_Bull
2021-08-18,-0.0022501153729506734,0,104.02233604172717,-0.22501153729506734,4.5674942638842895,0.9919973718135998,0.006495037213832608,0.001507590972567567,LowVol_Bull
2021-08-19,0.002660598938314027,0,104.29909775856072,0.26605989383140266,4.114523631551499,0.9951569238488299,0.00350613436198027,0.0013369417891898128,LowVol_Bull
2021-08-20,-0.0006738625301680142,0,104.22881450465088,-0.06738625301680141,4.105205904037726,0.9943786424215697,0.004094927888517283,0.0015264296899130405,LowVol_Bull
2021-08-23,0.0044533785228798636,0,104.69298486863114,0.44533785228798634,4.3776435628309045,0.9936001345401191,0.004890357721460542,0.0015095077384204272,LowVol_Bull
2021-08-24,0.002372650394799662,0,104.94138472051245,0.23726503947996622,4.4396018616907424,0.9955327357189845,0.0035405621977428244,0.0009267020832726424,LowVol_Bull
2021-08-25,0.0032188050644999192,0,105.27917058112646,0.32188050644999194,4.514208281530039,0.9949876401237793,0.0040136243857142005,0.0009987354905065299,LowVol_Bull
2021-08-26,0.0035244210132618393,0,105.65021870218136,0.3524421013261839,4.204406171753515,0.9946886023960734,0.003915438274335088,0.0013959593295915678,LowVol_Bull
2021-08-27,-7.111020520203688e-05,0,105.64270589344981,-0.007111020520203688,4.194795193679008,0.9950972632759364,0.0036745970028765587,0.0012281397211869722,LowVol_Bull
2021-08-30,-0.0014368074116244227,0,105.49091767063805,-0.14368074116244228,4.205716611028283,0.9935985778358241,0.004786019217177232,0.001615402946998713,LowVol_Bull
2021-08-31,-0.00027615875305463545,0,105.46178543035553,-0.027615875305463545,4.135959132820463,0.9948308212096362,0.003806279323368828,0.001362899466994958,LowVol_Bull
2021-09-01,-0.0020309193440963443,0,105.24760105026209,-0.2030919344096344,4.233229438059071,0.9924856843359501,0.005636142839727103,0.001878172824322895,LowVol_Bull
2021-09-02,0.0028683829848971,0,105.5494914783159,0.28683829848971,4.317325523647568,0.9953021628930429,0.003599810051653304,0.0010980270553038452,LowVol_Bull
2021-09-03,-0.00227093697957913,0,105.30979523494202,-0.22709369795791298,4.24394866462978,0.9919092479349046,0.006073309822709925,0.0020174422423852763,LowVol_Bull
2021-09-06,0.003371858167426891,0,105.66488492811501,0.3371858167426891,4.369829572213809,0.9949501406649666,0.0039032270708596575,0.001146632264173775,LowVol_Bull
2021-09-07,0.003077795840493165,0,105.99009987143293,0.3077795840493165,4.466199429483635,0.9951413531312551,0.0038539085526786043,0.001004738316066277,LowVol_Bull
2021-09-08,0.0018353537495862542,0,106.184629198651,0.18353537495862543,4.473291807180709,0.9956516330616305,0.0034824634525656042,0.0008659034858038964,LowVol_Bull
2021-09-09,-0.0005598151392161672,0,106.12518543567353,-0.055981513921616724,3.735501603128938,0.9925227876483447,0.004742992720785216,0.0027342196308701126,LowVol_Bull
2021-09-10,0.0007843819928036973,0,106.20842812011222,0.07843819928036973,3.7355487901953035,0.993699575321792,0.004002556420154499,0.0022978682580536295,LowVol_Bull
2021-09-13,-0.003172742550456512,0,105.87145612099845,-0.3172742550456512,3.8842155700851024,0.9858434290549809,0.00928051407342727,0.004876056871591873,LowVol_Bull
2021-09-14,0.0022851850686594235,0,106.11339199172338,0.22851850686594236,3.7360660929565053,0.993687416785835,0.003970731928319386,0.0023418512858454587,LowVol_Bull
2021-09-15,0.004963525383421913,0,106.6400885063953,0.4963525383421913,3.8098200806608515,0.9902413317902388,0.006037287599502457,0.003721380610258818,LowVol_Bull
2021-09-16,0.003093340878038229,0,106.96996265140974,0.3093340878038229,3.8341471220659415,0.993786013122472,0.00403695350805049,0.0021770333694776044,LowVol_Bull
2021-09-17,0.00016222914483840956,0,106.98731629697409,0.016222914483840955,3.789211792921411,0.993702172719803,0.004096880940747706,0.0022009463394493697,LowVol_Bull
2021-09-20,0.0025814340491849604,0,107.26349699809401,0.258143404918496,3.6384893070307625,0.99271003224537,0.0043631406077367565,0.002926827146893332,LowVol_Bull
2021-09-21,-0.004417772311951449,0,106.78963129097274,-0.44177723119514495,4.1188721354109035,0.978673216190691,0.01489946863038077,0.006427315178928065,LowVol_Bull
2021-09-22,-9.653547351646044e-05,0,106.77932230334942,-0.009653547351646044,4.0361049226509085,0.9946956143233996,0.003785114249155432,0.0015192714274449928,LowVol_Bull
2021-09-23,-0.005847058915798861,0,106.15497731485266,-0.5847058915798861,4.512375480962969,0.9559531497948554,0.03356039942387238,0.010486450781272109,LowVol_Bull
2021-09-24,-0.0004182586295124488,0,106.11057707952503,-0.04182586295124488,4.517252116009027,0.9949348455303817,0.004104516889397509,0.0009606375802207798,LowVol_Bull
2021-09-27,0.0020699357767670454,0,106.33021915931533,0.20699357767670454,4.517671307536573,0.9955648554992673,0.0035818634618038185,0.0008532810389288578,LowVol_Bull
2021-09-28,0.00046710447124814476,0,106.37988648011343,0.04671044712481447,4.510611712706533,0.9954685654347321,0.003669915029739889,0.000861519535528052,LowVol_Bull
2021-09-29,-6.424799778733422e-05,0,106.37305178540224,-0.0064247997787334225,4.421008197779545,0.9952542793997623,0.0037685805067208646,0.0009771400935167825,LowVol_Bull
2021-09-30,0.007403611201936971,1,107.16059650318486,0.740361120193697,4.994322215399741,0.9714680653921918,0.02367689568795086,0.004855038919857362,LowVol_Bull
2021-10-01,-0.00583894512861679,1,106.53489166025292,-0.583894512861679,5.423861555426238,0.9108710650588758,0.07930143137172935,0.009827503569395088,LowVol_Bull
2021-10-04,-0.016083162745951982,1,104.82147365955869,-1.6083162745951982,7.9197095502605634,4.8775642241106987e-08,0.8984403545101151,0.10155959671424289,Range
2021-10-05,0.005456447994629569,1,105.39342657930251,0.545644799462957,8.100739256177432,0.0019384132012271315,0.9825319577666556,0.015529629032117444,Range
2021-10-06,0.006074758392356726,1,106.03366618191437,0.6074758392356726,8.381759040192982,0.00028112398429493433,0.9854920384807568,0.014226837534948281,Range
2021-10-07,0.0042017972642411075,1,106.47919815039499,0.4201797264241107,8.513320627550426,0.00024738834318746653,0.9879864737703198,0.011766137886492792,Range
2021-10-08,0.016851420103054317,1,108.27352385066366,1.6851420103054318,10.371995592628885,2.835010706598809e-15,0.9568248720689745,0.043175127931022725,Range
2021-10-11,-0.005934934324772325,1,107.6309275974983,-0.5934934324772325,10.563381175660638,8.069121519481392e-12,0.9919083059336051,0.00809169405832576,Range
2021-10-12,0.0032614975490362404,1,107.98196560405803,0.326149754903624,10.58668853737927,2.7512910255569735e-11,0.9937749064536839,0.0062250935188032,Range
2021-10-13,0.00672334507423823,1,108.70796562060865,0.672334507423823,10.694286523547023,2.597541934301472e-12,0.9922640696969971,0.007735930300405405,Range
2021-10-14,0.0002115224448675514,1,108.7309597952733,0.02115224448675514,10.667727706516136,1.785430345551864e-11,0.9941562305559768,0.005843769426168877,Range
2021-10-15,0.001419851274981568,1,108.88534158716861,0.1419851274981568,10.666498495136114,1.7434416158798313e-11,0.9941278691990832,0.005872130783482412,Range
2021-10-18,-0.0005900801606458525,1,108.82109050731286,-0.05900801606458525,10.659639400912607,1.8406455653646663e-11,0.9940987224990454,0.005901277482548085,Range
2021-10-19,0.007325844439041026,1,109.61829688805622,0.7325844439041026,10.720533054657059,1.438456684140915e-12,0.9918231961394746,0.00817680385908688,Range
2021-10-20,-0.00148654660009829,0,109.4553441815087,-0.148654660009829,10.756354196957089,6.5561206134664625e-12,0.9940292856677028,0.005970714325741062,Range
2021-10-21,0.0028055982757084663,0,109.76243190641142,0.28055982757084663,10.431672576799047,1.2724669139917292e-10,0.9937512064973032,0.006248793375450148,Range
2021-10-22,0.0006787199635752606,0,109.83692986019686,0.06787199635752607,10.40947239281564,1.9485871870728857e-10,0.9939646589108899,0.006035340894251267,Range
2021-10-25,0.001170308177598312,0,109.96547291741454,0.11703081775983121,10.410676626066733,1.894472281456823e-10,0.9939489305939769,0.006051069216575908,Range
2021-10-26,-1.2681041574711402e-05,0,109.96407844068071,-0.0012681041574711402,10.419618285990069,1.7582567028336007e-10,0.9939603723211563,0.0060396275030179455,Range
2021-10-27,-0.005177987784849029,1,109.39468578574267,-0.5177987784849029,10.687735106077692,3.763588904318243e-12,0.9925512863656214,0.007448713630614932,Range
2021-10-28,-0.006055898629325283,1,108.73220265803731,-0.6055898629325284,10.75644276242247,1.2442614832242098e-12,0.9919762787955352,0.008023721203220506,Range
2021-10-29,-0.00010539487669697125,1,108.72074284094519,-0.010539487669697124,10.479596533018714,1.0135241232511155e-10,0.9940064084749777,0.00599359142366985,Range
2021-11-01,0.004030179202547635,1,109.1589069176283,0.4030179202547635,8.333942577605823,0.0007884631476199782,0.9865534903220791,0.012658046530300775,Range
2021-11-02,-0.004182568548054478,1,108.70234230681464,-0.4182568548054478,8.51069987876215,0.00014004383735977856,0.9873675897248174,0.012492366437822724,Range
2021-11-03,0.0022333372733831804,1,108.9451112995925,0.22333372733831805,8.348131343793549,0.001029161818260242,0.9872619083604273,0.011708929821312428,Range
2021-11-04,-0.00291367883768847,1,108.62768023432928,-0.29136788376884704,8.409676029958831,0.0004198632613222623,0.9874630154477324,0.01211712129094518,Range
2021-11-05,-0.008131309884774698,1,107.74439490427972,-0.8131309884774698,6.66333339666725,0.08299395252966307,0.8681169882645542,0.048889059205782695,Range
2021-11-08,-0.0028906562249376095,1,107.43294289844754,-0.28906562249376094,6.4004753330667326,0.812835255927024,0.17941996294809648,0.007744781124879496,LowVol_Bull
2021-11-09,0.014510772082868334,1,108.99187784703872,1.4510772082868333,8.178931019314877,1.0040597973020774e-06,0.9474216791008642,0.052577316839338605,Range
2021-11-10,0.0006466059486675654,1,109.06235264361106,0.06466059486675654,7.840969930295058,0.019365720147418906,0.9660702392988767,0.014564040553704407,Range
2021-11-11,0.007457422184263293,1,109.87567665168348,0.7457422184263293,8.256376060165687,0.0002980385961633101,0.9825188976475627,0.017183063756273858,Range
2021-11-12,0.021821479107975772,1,112.27332643421289,2.1821479107975774,11.197870248707565,2.3273281124158384e-22,0.8552333468399316,0.1447666531600684,Range
2021-11-15,-0.0018304240920994515,1,112.06781863260755,-0.18304240920994516,11.237991934583459,5.264132614612829e-14,0.9941154695758211,0.005884530424126212,Range
2021-11-16,-0.0026106932188629125,1,111.77524393845064,-0.26106932188629123,11.106899388167989,1.6690846770278149e-13,0.9938998780346477,0.006100121965185428,Range
2021-11-17,-0.011878383186621608,1,110.44753476017162,-1.1878383186621608,11.992428727433207,3.277555885823967e-20,0.9814582060454187,0.0185417939545814,Range
2021-11-18,-0.007325187752921746,1,109.63848583120601,-0.7325187752921746,12.267669261009075,6.632141403366119e-20,0.9903613199509932,0.009638680049006698,Range
2021-11-19,0.008131488039760201,1,110.53000986743989,0.8131488039760202,12.605235628641628,8.610109737971345e-22,0.9902735625546714,0.009726437445328634,Range
2021-11-22,0.015883987656666307,1,112.2856671798655,1.5883987656666307,13.762040856807953,6.246035069981279e-32,0.9509794639037802,0.04902053609621974,Range
2021-11-23,0.012115296806877592,1,113.64604136490786,1.2115296806877591,14.297255026124922,2.5034505056649673e-33,0.9705569351328183,0.02944306486718193,Range
2021-11-24,-0.009686064147447567,1,112.54525851814388,-0.9686064147447567,14.669042519706329,1.182056803258239e-34,0.9701748375193637,0.02982516248063634,Range
2021-11-25,0.004537601976575601,1,113.05594410565003,0.45376019765756015,14.42906068498199,8.613758107479469e-32,0.9866623236123262,0.013337676387673776,Range
2021-11-26,-0.0043739212669549835,1,112.56144630737066,-0.4373921266954984,14.589959343047212,9.070221646795336e-33,0.9843433114219499,0.015656688578050183,Range
2021-11-29,-0.005010931440660246,1,111.99740861706286,-0.5010931440660246,14.756803818303949,5.566647880042945e-34,0.9820208909369235,0.017979109063076558,Range
2021-11-30,0.0023634106337454513,1,112.26210448354036,0.23634106337454514,14.615012684527606,1.01252447064848e-32,0.9866141799625454,0.013385820037454668,Range
2021-12-01,-0.0085065531340465,1,111.30714092681124,-0.85065531340465,15.049165181341648,8.195888788929048e-37,0.9689602855130709,0.031039714486929094,Range
2021-12-02,-0.010321197561640048,1,110.15831793528432,-1.0321197561640048,15.534100820948119,7.943450427046438e-41,0.9456570011574846,0.05434299884251542,Range
2021-12-03,0.008636614430703732,1,111.10971285362625,0.8636614430703732,15.40302574904176,1.693291130263159e-39,0.9673628436843297,0.03263715631567041,Range
2021-12-06,0.003100947598980886,1,111.45425825092316,0.3100947598980886,15.318794177949183,1.266754956420191e-37,0.9796028213298469,0.020397178670153115,Range
2021-12-07,0.002922012265370345,1,111.77992896056013,0.2922012265370345,14.586598452676943,1.364416877377724e-32,0.9865921757624031,0.01340782423759683,Range
2021-12-08,-0.0008480748659912636,1,111.68513121228638,-0.08480748659912636,14.605165687217033,1.515696443961263e-32,0.98672308009303,0.013276919906969983,Range
2021-12-09,0.001845680592293731,1,111.89126629141268,0.18456805922937308,14.422453619646072,2.0521060747120583e-31,0.9879723182069777,0.012027681793022252,Range
2021-12-10,-0.0133271752573412,1,110.4000717757812,-1.33271752573412,13.002212131420821,3.858032197642013e-26,0.9703504766095005,0.0296495233904997,Range
2021-12-13,-0.008011596816626764,1,109.515590912187,-0.8011596816626764,13.249385872547737,2.18537249362944e-25,0.9868873255720478,0.013112674427952139,Range
2021-12-14,0.008042955995385482,1,110.39641999070233,0.8042955995385481,13.624582987245343,1.4092714984406504e-27,0.9872480079426115,0.012751992057388445,Range
2021-12-15,-0.00048600221338662117,1,110.34276708623689,-0.04860022133866212,12.955900125324305,1.6051318957173156e-22,0.9930185634315329,0.006981436568467058,Range
2021-12-16,0.0008439271497486058,1,110.43588834315936,0.08439271497486059,12.665890218608505,6.118331374940995e-21,0.9935320052339551,0.0064679947660448624,Range
2021-12-17,0.009255216030998494,1,111.45799634735052,0.9255216030998494,12.762864615504904,5.253392780714672e-23,0.9884987944690719,0.011501205530928196,Range
2021-12-20,-0.01569022133406178,1,109.70919571520955,-1.5690221334061778,12.618518751949875,2.244783933972111e-25,0.9544697772111531,0.045530222788846775,Range
2021-12-21,0.00012777025366222353,0,109.72321328697514,0.012777025366222352,11.628223241207767,1.054226963804553e-15,0.9943247594296235,0.005675240570375515,Range
2021-12-22,0.0034635092628243543,0,110.10324065254142,0.3463509262824354,11.368744851138066,1.107938854115886e-14,0.9940081695685093,0.005991830431479585,Range
2021-12-23,-0.0008100628610064437,0,110.01405010641234,-0.08100628610064438,11.175620452264726,1.1552132412911884e-13,0.9942756869198189,0.0057243130800655965,Range
2021-12-24,-0.0016466499620377479,0,109.83289547498099,-0.16466499620377478,11.119182423506453,1.819207857721962e-13,0.9941352444936511,0.005864755506167037,Range
2021-12-27,0.0067123889439248165,0,110.5701365882465,0.6712388943924816,11.362695797771249,3.1573873382864075e-15,0.9925420966577759,0.007457903342220883,Range
2021-12-28,0.0006820587283629915,0,110.6455519150028,0.06820587283629914,11.319802972687846,2.7783360546953244e-14,0.9943690261199225,0.005630973880049683,Range
2021-12-29,0.0018051787704240142,0,110.84528691636162,0.18051787704240144,10.962859284544022,9.559264492508324e-13,0.9942384255249254,0.00576157447411874,Range
2021-12-30,0.003020590346287562,0,111.18010511995267,0.3020590346287562,10.331520647624712,3.013873916475172e-10,0.9936056817655851,0.006394317933027596,Range
2021-12-31,-0.00081981047556627,0,111.08895850510076,-0.081981047556627,9.876854362187583,1.8100315226313387e-08,0.9932300620293562,0.006769919870328554,Range
2022-01-03,0.0024445524906015264,0,111.36052129529274,0.24445524906015265,9.85231956280455,2.0910434878044967e-08,0.9930955925418496,0.006904386547715484,Range
2022-01-04,0.0019865179071437253,0,111.5817409649947,0.19865179071437253,9.820768185405205,2.88910688657257e-08,0.9931231171033295,0.006876854005601687,Range
2022-01-05,0.008431494368650405,0,112.52254178558525,0.8431494368650405,10.265636073169984,4.868335627942751e-11,0.9901734211155964,0.009826578835720369,Range
2022-01-06,-0.003981338102524703,1,112.07455150258139,-0.3981338102524703,10.364212726668844,1.2276705102962598e-10,0.9929188228726857,0.007081177004547196,Range
2022-01-07,0.0013045197754668898,1,112.2207549713431,0.13045197754668897,9.070236041978674,9.607700274862784e-06,0.9914682856219668,0.00852210667775848,Range
2022-01-10,0.0020866391385232852,1,112.45491919082093,0.20866391385232852,8.451272740678565,0.0005561434435826671,0.9883191580585927,0.011124698497824563,Range
2022-01-11,0.0011314812785661135,1,112.582159826568,0.11314812785661135,8.071645273188272,0.005573152204967792,0.9813265856101205,0.013100262184911823,Range
2022-01-12,-0.011137705084777018,1,111.32825293261246,-1.1137705084777019,9.14474924176536,1.3522949425180481e-08,0.9774424906076501,0.02255749586940045,Range
2022-01-13,0.0016061081612266997,1,111.50705814822264,0.16061081612266997,9.152986112254341,5.209347259739149e-06,0.9916828289974987,0.00831196165524159,Range
2022-01-14,0.0025951868993622763,1,111.79643980471535,0.2595186899362276,8.59628197725766,0.00020824475651218678,0.9892122377024778,0.010579517541009996,Range
2022-01-17,0.0144440988716792,1,113.41123863475637,1.44440988716792,7.846643312670569,7.246631293481591e-06,0.9385649647841222,0.061427788584584246,Range
2022-01-18,-0.0016168854912513967,1,113.227865648463,-0.16168854912513966,7.916321284615946,0.009945086407492995,0.9754879996003993,0.014566913992107624,Range
2022-01-19,-0.010020342162512352,1,112.0932836923344,-1.0020342162512352,8.88020716710845,2.46245715506733e-07,0.9793299448936217,0.020669808860662785,Range
2022-01-20,0.011688524455567223,1,113.40348878007707,1.1688524455567224,9.635113928794741,7.367151243788781e-10,0.9820572594796529,0.017942739783631808,Range
2022-01-21,0.0013795794732808632,1,113.55993790539651,0.13795794732808633,9.562144602570523,2.42993642614722e-07,0.9927170951532162,0.007282661853141129,Range
2022-01-24,0.006052844088648951,1,114.24729850425453,0.6052844088648951,9.518940987798938,9.973308774724185e-08,0.9907828869876917,0.009217013279220613,Range
2022-01-25,-0.002296864610513908,1,113.98488792747328,-0.22968646105139082,9.617510920871592,1.1095645800214851e-07,0.9924333563503361,0.0075665326932059535,Range
2022-01-26,0.0087304194462272,1,114.98002380961132,0.8730419446227201,9.954414872019177,5.997166916284369e-10,0.9891642419514536,0.010835757448829766,Range
2022-01-27,0.00362074409568937,1,115.39633705194221,0.362074409568937,9.966036294881269,6.318359481506922e-09,0.9929702434253953,0.007029750256245218,Range
2022-01-28,-0.003692577845924701,1,114.97022709424336,-0.36925778459247005,10.120287899111862,1.1574719852311844e-09,0.9927529819267916,0.007247016915736535,Range
2022-01-31,-0.006655488607352532,1,114.2050440576329,-0.6655488607352532,10.542697374792695,6.407667221301332e-12,0.9912684326517668,0.008731567341825484,Range
2022-02-01,-0.0031597598418439243,1,113.84418354568358,-0.31597598418439243,10.654805549550534,1.1463117479825372e-11,0.9935179588634964,0.006482041125040485,Range
2022-02-02,-0.01824183119683074,1,111.7674571667022,-1.824183119683074,12.278808067843116,2.7880595840803835e-25,0.9191435132621097,0.0808564867378902,Range
2022-02-03,-0.011920180728939885,1,110.43516887766107,-1.1920180728939884,12.901381520121735,6.441204248722875e-25,0.978019941502741,0.02198005849725903,Range
2022-02-04,-0.003942485740835363,1,109.99977979907416,-0.39424857408353625,12.927394609436774,1.1578320710271234e-22,0.9919713147522556,0.00802868524774433,Range
2022-02-07,-0.006518133927438464,1,109.28278650235505,-0.6518133927438464,13.018288987560252,1.1173177904182546e-23,0.9897025202091252,0.010297479790874756,Range
2022-02-08,0.014173276007653456,1,110.83168159833838,1.4173276007653457,14.129988791521031,2.8437731879010852e-33,0.9602626451602619,0.0397373548397379,Range
2022-02-09,0.0009521461438882757,0,110.93720955659288,0.09521461438882757,13.592123716979168,3.4194928006063903e-26,0.991595239784151,0.008404760215849048,Range
2022-02-10,0.005916903397718698,0,111.5936143087517,0.5916903397718698,13.750824776287999,8.68961406036357e-28,0.989062988433836,0.010937011566163984,Range
2022-02-11,-0.0019260549433318546,0,111.37867887626807,-0.19260549433318547,13.73454295240976,4.2472819052797354e-27,0.9906974829137534,0.009302517086246577,Range
2022-02-14,0.004580944767727619,0,111.88889845250272,0.45809447677276194,12.755703965728356,8.761798703716735e-22,0.9925911735983641,0.0074088264016358065,Range
2022-02-15,0.0025928598624098305,0,112.17901068634946,0.25928598624098304,12.800601089595744,8.985761032680495e-22,0.9931452169021316,0.006854783097868382,Range
2022-02-16,0.0010007016549880342,0,112.29126840799822,0.10007016549880342,12.293702798567633,5.4683534905653055e-19,0.9939462380426787,0.006053761957321317,Range
2022-02-17,0.002591318969156404,0,112.58225090189448,0.2591318969156404,11.560206826840364,1.7663681228551754e-15,0.9941764956969418,0.005823504303056478,Range
2022-02-18,0.0026377046733950995,0,112.87920963123976,0.26377046733950993,11.593578701803315,1.2207329711970705e-15,0.9941613348884202,0.0058386651115786385,Range
2022-02-21,0.0015491326606017484,0,113.05407450158242,0.15491326606017483,11.375714936493804,1.465377775554756e-14,0.9943296203267599,0.005670379673225499,Range
2022-02-22,0.002617346532051925,0,113.34997619141349,0.2617346532051925,11.406483915244326,9.04976591340313e-15,0.9941906311209504,0.005809368879040626,Range
2022-02-23,-0.0005702295909990845,0,113.2853406808501,-0.057022959099908455,10.901371211731208,1.816612217417424e-12,0.9942261020638924,0.005773897934290901,Range
2022-02-24,0.0016521232092999297,0,113.47250202146238,0.16521232092999297,10.819501878956462,3.951517224457803e-12,0.9941937234689957,0.005806276527052807,Range
2022-02-25,-0.00013504330299125974,0,113.45717831999072,-0.013504330299125974,10.767715702598563,6.815860648846912e-12,0.9941983043573958,0.005801695635788364,Range
2022-02-28,-0.000798457027826636,0,113.36658763860375,-0.0798457027826636,10.531879486869112,5.924146610881708e-11,0.9939856864125026,0.006014313528255884,Range
2022-03-01,0.0007864495186682848,0,113.45574473688518,0.07864495186682847,10.485164816704323,9.752738822761359e-11,0.9940275673702244,0.005972432532248229,Range
2022-03-02,0.004044552375906161,0,113.91462243882093,0.40445523759061613,8.09732495241236,0.0031560856004890733,0.9826385396207877,0.014205374778723148,Range
2022-03-03,0.004146418185828019,0,114.38696010093298,0.41464181858280186,6.57114357336219,0.7724637726442052,0.21905826552914553,0.008477961826649479,LowVol_Bull
2022-03-04,0.0004556368676431039,0,114.4390790171326,0.04556368676431039,6.241434879691762,0.933305066952285,0.06381170539524525,0.0028832276524698706,LowVol_Bull
2022-03-07,0.0069448385384148536,0,115.23383994339147,0.6944838538414854,5.605149997349821,0.9438638224955689,0.05064927547767792,0.005486902026753229,LowVol_Bull
2022-03-08,-0.006547484678909142,0,114.47934814187025,-0.6547484678909141,4.715618117062445,0.9278369667525096,0.05685131227313919,0.015311720974351139,LowVol_Bull
2022-03-09,0.008130888005173318,0,115.41016690051704,0.8130888005173318,5.23926279027524,0.9431948750256682,0.048378888221763484,0.008426236752568478,LowVol_Bull
2022-03-10,0.0033269070312633275,0,115.79412579625765,0.33269070312633275,5.058927074036468,0.992564068651208,0.006515270492854511,0.0009206608559374433,LowVol_Bull
2022-03-11,0.0036581519555177223,0,116.2177183039767,0.3658151955517722,4.891060223436471,0.993312830400365,0.005714209373707625,0.0009729602259274186,LowVol_Bull
2022-03-14,0.0003642631512435897,0,116.26005213627644,0.03642631512435897,4.839934593238664,0.9946414215099944,0.004598236496791879,0.0007603419932138086,LowVol_Bull
2022-03-15,0.004036788989706802,0,116.72936943468291,0.4036788989706802,4.893308395119291,0.9927299102159307,0.006196325406736395,0.0010737643773328191,LowVol_Bull
2022-03-16,0.004439547829588251,0,117.24759505340585,0.44395478295882507,4.952561656990096,0.9915103173060378,0.007275110958949035,0.001214571735013221,LowVol_Bull
2022-03-17,0.005504476970550929,0,117.89298174022981,0.5504476970550929,5.09170030514864,0.9862209454798447,0.011917830382593532,0.001861224137561676,LowVol_Bull
2022-03-18,0.005061351594490521,0,118.48967957133998,0.5061351594490521,5.184092212008898,0.9866888672765911,0.011698092192857607,0.0016130405305512998,LowVol_Bull
2022-03-21,0.00307072896413568,0,118.85352926235085,0.307072896413568,5.177801665903472,0.9917488096105401,0.007339701166501516,0.0009114892229583379,LowVol_Bull
2022-03-22,0.005225647813404713,0,119.47461594765609,0.5225647813404714,5.267018233633611,0.9842260383926082,0.013975918201830919,0.0017980434055608573,LowVol_Bull
2022-03-23,0.004728271853348551,0,120.03952441143102,0.47282718533485507,5.173685613426157,0.9881492311870991,0.010430327125742931,0.001420441687158001,LowVol_Bull
2022-03-24,5.0250071666803516e-05,0,120.04555640613555,0.0050250071666803516,5.255723030360573,0.9913509037026333,0.00779907068473121,0.0008500256126354255,LowVol_Bull
2022-03-25,0.00018175558445519412,0,120.0673753564014,0.01817555844551941,5.233215751693237,0.9917309774493616,0.007440532359324353,0.0008284901913140433,LowVol_Bull
2022-03-28,0.002808852253222616,0,120.40462687420974,0.2808852253222616,5.054110189383425,0.9931525944172139,0.006011622826336077,0.0008357827564499449,LowVol_Bull
2022-03-29,0.0003488540488112286,0,120.4466305157904,0.034885404881122864,5.082079265968203,0.993259845617298,0.005968834717105551,0.0007713196655964917,LowVol_Bull
2022-03-30,-0.002637280970299501,0,120.12897890919443,-0.2637280970299501,5.440580595609759,0.9790881643295538,0.019050642990275025,0.0018611926801711794,LowVol_Bull
2022-03-31,-0.001932222542060268,0,119.8968629881914,-0.1932222542060268,5.645069755384059,0.9757249825204346,0.022505504308848425,0.0017695131707169502,LowVol_Bull
2022-04-01,-0.0021612794017418563,0,119.63773236788155,-0.21612794017418563,5.835439025798199,0.9617070337820113,0.03589191748256859,0.0024010487354200597,LowVol_Bull
2022-04-04,0.0024231174253803844,0,119.92762864191515,0.24231174253803844,5.565388020483798,0.9858097316949589,0.013092595436209272,0.001097672868831872,LowVol_Bull
2022-04-05,0.0019954231831288208,0,120.16693501240488,0.19954231831288208,4.559640912231549,0.9955310146564135,0.003641690184354143,0.0008272951592324341,LowVol_Bull
2022-04-06,-0.001516949569461055,0,119.98464783207436,-0.1516949569461055,4.234599566592543,0.9935218811677928,0.004880494344156115,0.001597624488051091,LowVol_Bull
2022-04-07,0.0033967019512021667,0,120.39219991947989,0.3396701951202167,4.237683444044542,0.9948521522038118,0.003838178528134001,0.001309669268054179,LowVol_Bull
2022-04-08,0.001852504943632119,0,120.6152270650055,0.18525049436321192,4.189477603482856,0.995553090190783,0.0033142274290249222,0.0011326823801920739,LowVol_Bull
2022-04-11,0.0007090636999187626,0,120.70075094417474,0.07090636999187626,4.174890585163675,0.9954434957101236,0.003395645439875365,0.0011608588500010106,LowVol_Bull
2022-04-12,-0.006040071769542628,0,119.97170974583425,-0.6040071769542628,4.9454100957306055,0.9405774906045982,0.049444766067271675,0.009977743328130395,LowVol_Bull
2022-04-13,0.0006155250931757326,0,120.045555343654,0.06155250931757326,4.815750077298193,0.9948386669448542,0.004412703203874364,0.0007486298512713589,LowVol_Bull
2022-04-14,0.00041742499797353086,0,120.09566535935005,0.04174249979735309,4.541180877974382,0.995415906744396,0.003735840350263195,0.0008482529053408402,LowVol_Bull
2022-04-15,0.0013644302570934197,0,120.25952751891211,0.13644302570934197,4.277013111161277,0.9956755024125908,0.003309849722033576,0.001014647865375559,LowVol_Bull
2022-04-18,0.004824507595101446,0,120.83972052281042,0.4824507595101446,4.445483770085718,0.9928532038746226,0.005526110294029926,0.001620685831347439,LowVol_Bull
2022-04-19,-0.0036810677344041916,0,120.39490132655948,-0.36810677344041914,4.402162395380847,0.9863150738293261,0.01053849157115447,0.0031464345995193023,LowVol_Bull
2022-04-20,0.0008220654297452434,0,120.49387381285763,0.08220654297452434,4.099231121960809,0.9953284737449252,0.0034018847040485985,0.001269641551026156,LowVol_Bull
2022-04-21,0.003825870332484391,0,120.95486774992436,0.3825870332484391,4.296256168938385,0.9944678144295823,0.004171485743411648,0.001360699827006089,LowVol_Bull
2022-04-22,0.0018016384799152295,0,121.17278469399571,0.18016384799152294,4.32468367734059,0.995681366350513,0.0033401210394470317,0.0009785126100400041,LowVol_Bull
2022-04-25,0.0021406254158508986,0,121.43217023662109,0.21406254158508986,4.282888294008652,0.995591389980699,0.0033663241137277004,0.0010422859055732928,LowVol_Bull
2022-04-26,0.004641042596234208,0,121.99574211124242,0.4641042596234208,4.535834806726611,0.993096491784612,0.005468390857123902,0.0014351173582641855,LowVol_Bull
2022-04-27,-0.00030029204202890506,0,121.959107760725,-0.030029204202890507,4.385021468016256,0.9950937911085195,0.0038621816156019398,0.001044027275878565,LowVol_Bull
2022-04-28,0.0010769906109319631,0,122.09045657470095,0.10769906109319631,4.268541284686875,0.995642138010918,0.0033309042162258055,0.0010269577728561799,LowVol_Bull
2022-04-29,0.007427309903007252,0,122.99726023188092,0.7427309903007252,4.689594229921704,0.9772116038453605,0.01777150458121372,0.005016891573425781,LowVol_Bull
2022-05-02,-0.004512702552786792,0,122.44221018164671,-0.45127025527867926,5.113948688487765,0.9705095206524946,0.025650976317433863,0.003839503030071531,LowVol_Bull
2022-05-03,0.0026796649386650368,0,122.77031427928313,0.2679664938665037,5.1365680266541345,0.9925688815677943,0.0065910655413099935,0.000840052890895654,LowVol_Bull
2022-05-04,0.0013129270715921259,0,122.93150274848827,0.1312927071592126,5.044405254598148,0.9938158718236337,0.005448012879583368,0.0007361152967828947,LowVol_Bull
2022-05-05,0.0007104340296357137,0,123.01883747135507,0.07104340296357137,4.980288766389019,0.9941031401918894,0.005157721361219073,0.000739138446891522,LowVol_Bull
2022-05-06,-0.002283218795740471,0,122.73795854941034,-0.2283218795740471,5.110356868643729,0.9881763918088353,0.010441004525550975,0.0013826036656136922,LowVol_Bull
2022-05-09,0.0011925601935128447,0,122.8843309530094,0.11925601935128446,5.111123722296491,0.9933207807169238,0.005930802469172377,0.000748416813903827,LowVol_Bull
2022-05-10,0.002946048813861138,0,123.24635419045562,0.2946048813861138,4.444201157583959,0.9952447733395905,0.0037570472449657394,0.0009981794154438118,LowVol_Bull
2022-05-11,-0.0005362068403155463,0,123.18026865229474,-0.053620684031554636,4.488071404178858,0.9948607845183483,0.004137972522341846,0.0010012429593099477,LowVol_Bull
2022-05-12,0.0030149355911036784,0,123.55164922837628,0.30149355911036785,4.515448621461179,0.9951361570413891,0.0039023347610791783,0.0009615081975317149,LowVol_Bull
2022-05-13,0.0016403056068592194,0,123.75431169134228,0.16403056068592195,4.516032769923141,0.9956373298478691,0.003528743069215802,0.0008339270829150443,LowVol_Bull
2022-05-16,-0.0019254205831177108,0,123.5160325923622,-0.19254205831177107,4.479983895096399,0.992882368991407,0.0056838314728644285,0.0014337995357284609,LowVol_Bull
2022-05-17,0.0020593908499966164,0,123.7704003797108,0.20593908499966165,4.116129868716685,0.9953848948390497,0.0033596804151976556,0.001255424745752746,LowVol_Bull
2022-05-18,0.00020801828829840829,0,123.79614688653979,0.02080182882984083,4.133038061660428,0.9951514699885501,0.0035694901370185855,0.0012790398744312963,LowVol_Bull
2022-05-19,0.005377612486094718,0,124.46187459176726,0.5377612486094718,4.2897609699455845,0.9914462572631143,0.006275591313082955,0.0022781514238027992,LowVol_Bull
2022-05-20,-0.0016800492102954573,1,124.25277251764746,-0.16800492102954573,4.426004695634523,0.9933925590278312,0.005220978334138243,0.0013864626380305288,LowVol_Bull
2022-05-23,0.013898917408731434,1,125.97975154067613,1.3898917408731435,6.30541230924565,0.01010833819563935,0.8468969624904719,0.1429946993138888,Range
2022-05-24,-0.011542834360414946,1,124.52558813587589,-1.1542834360414946,7.7953104248100455,3.06318876492371e-05,0.9563023158938899,0.04366705221846068,Range
2022-05-25,-0.0071089980521051345,1,123.64033597238068,-0.7108998052105134,8.30815966877986,9.299107169792862e-05,0.9820319788611902,0.01787503006711188,Range
2022-05-26,0.0006862220384089688,1,123.72518069576121,0.06862220384089689,8.306951913155567,0.0014291138875502987,0.986902624286893,0.011668261825556737,Range
2022-05-27,0.0031778452381772664,1,124.11836017207784,0.31778452381772665,7.979538112167683,0.007459557366786343,0.9780968109776426,0.014443631655571217,Range
2022-05-30,-0.0008711739429614857,1,124.01023149085285,-0.08711739429614858,7.780414889615201,0.023105236300523486,0.9616977293830129,0.0151970343164635,Range
2022-05-31,0.0009889289417288065,1,124.13286879784464,0.09889289417288065,7.74492020085716,0.03169073267428351,0.9531085051143406,0.015200762211376005,Range
2022-06-01,-0.010312195371057728,1,122.8527864028314,-1.0312195371057729,8.642931597197325,8.719739808047115e-07,0.9762223149435063,0.02377681308251285,Range
2022-06-02,-0.017208248000063594,1,120.73870518691263,-1.7208248000063593,10.568544848106821,6.248784692771977e-17,0.94010285092991,0.059897149070090056,Range
2022-06-03,-0.011947184949203073,1,119.29621754551727,-1.1947184949203074,11.268179084197984,6.952153842234185e-17,0.981904038151691,0.018095961848308834,Range
2022-06-06,0.0008385713333934993,1,119.39625593373322,0.08385713333934994,11.258085152650635,5.23563556799775e-14,0.994363495327122,0.005636504672825663,Range
2022-06-07,0.003210804745711375,1,119.77961399890542,0.3210804745711375,11.272070530622575,3.2397055799296254e-14,0.9940672892390799,0.005932710760887682,Range
2022-06-08,-0.0032245711581516566,1,119.39337611027001,-0.3224571158151657,11.285084217957076,2.2921603520684558e-14,0.9937256255659908,0.006274374433986352,Range
2022-06-09,0.008696816024035225,1,120.43171833678947,0.8696816024035224,11.759249759168362,1.2172383159259835e-17,0.9906805390344742,0.009319460965525854,Range
2022-06-10,0.010025073578951072,1,121.63905517435529,1.0025073578951071,12.39237563126958,2.7378581788588275e-21,0.9881134160353451,0.011886583964654923,Range
2022-06-13,-0.006572385764692791,1,120.83959637969667,-0.6572385764692791,12.555433492002589,3.43895752043953e-21,0.9906949762651943,0.009305023734805767,Range
2022-06-14,0.008676912715162442,1,121.88811101001878,0.8676912715162441,12.98618920636441,4.6885899533265395e-24,0.9887127224098718,0.011287277590128184,Range
2022-06-15,4.2494592573776645e-05,1,121.89329059563573,0.004249459257377665,12.984729359404326,1.1262589647195308e-22,0.9930138951867674,0.006986104813232544,Range
2022-06-16,0.009266337640690429,1,123.0227949824297,0.9266337640690429,13.297427310238138,4.9371987586222846e-26,0.9867577269647124,0.013242273035287685,Range
2022-06-17,0.0008626458824615912,1,123.12892008997021,0.08626458824615912,13.29934618908289,1.7999906476024095e-24,0.9923769835036662,0.007623016496333841,Range
2022-06-20,0.01404108610533443,1,124.85778385901031,1.404108610533443,13.319729076299724,3.098721447394238e-28,0.9710703915666833,0.028929608433316628,Range
2022-06-21,-0.004110200378430147,1,124.34459334854307,-0.4110200378430147,12.744946951418942,1.0771298534979915e-21,0.9922229332064318,0.007777066793568182,Range
2022-06-22,0.002626566091029557,1,124.6711926410352,0.2626566091029557,12.495032434618704,3.9064525722151154e-20,0.9935558225368899,0.006444177463110138,Range
2022-06-23,0.010220494302845426,1,125.94539385515186,1.0220494302845426,12.968821030574807,1.6979939793209947e-24,0.9862451673526067,0.013754832647393326,Range
2022-06-24,0.002572090415891041,1,126.26933679561232,0.2572090415891041,12.956619256362991,1.2431904210622602e-22,0.992885850256586,0.007114149743413855,Range
2022-06-27,0.0031457427257852682,0,126.66654764332685,0.3145742725785268,12.962609739882861,1.0051192209556304e-22,0.9927379252027059,0.007262074797294133,Range
2022-06-28,0.005895780723996639,0,127.41334583329757,0.589578072399664,13.073975451469341,8.362866386996265e-24,0.99123012287798,0.00876987712202,Range
2022-06-29,-0.002563176611208858,0,127.08676292530181,-0.25631766112088583,12.431767784175813,7.825798453238341e-20,0.993331508194704,0.006668491805296012,Range
2022-06-30,-0.0024594538170922484,0,126.7741989011233,-0.24594538170922484,10.386786137932347,1.6358394120155405e-10,0.993522114163171,0.006477885673245101,Range
2022-07-01,-0.0037974078093898243,0,126.29278556818701,-0.37974078093898245,9.225146823106273,1.3334191743953682e-06,0.9907726009711826,0.009226065609643156,Range
2022-07-04,0.00411225703892908,0,126.81213396460575,0.41122570389290797,9.202709405086189,2.285033073969109e-06,0.9910744512772691,0.008923263689656858,Range
2022-07-05,-0.003123769809102982,0,126.41600204909919,-0.3123769809102982,9.45768129008907,3.007461397795344e-07,0.9917598218285474,0.008239877425312734,Range
2022-07-06,0.005877692666584225,0,127.15903645728208,0.5877692666584224,9.248886260040532,8.476875852116085e-07,0.9901120701403843,0.009887082172030515,Range
2022-07-07,0.008415685633601934,1,128.22916693357828,0.8415685633601934,9.227124898398706,2.443597670256172e-07,0.9872022260056887,0.012797529634544303,Range
2022-07-08,0.006142666722691934,1,129.0168359701797,0.6142666722691934,8.942406633548842,6.843995536773496e-06,0.9887179293425702,0.01127522666189299,Range
2022-07-11,-0.002380692501549559,1,128.70968655621184,-0.2380692501549559,8.460343391402489,0.0003612363916721421,0.9880878135608288,0.011550950047499056,Range
2022-07-12,0.004416746572963193,1,129.27816462321616,0.44167465729631933,8.22463485357647,0.0013553559729908237,0.9850155339816592,0.01362911004535013,Range
2022-07-13,0.0037937292621590896,1,129.76861097930546,0.37937292621590896,8.155634639327987,0.0024107846943152212,0.9839642291285766,0.013624986177108228,Range
2022-07-14,0.003946599794342858,1,130.28075575270856,0.3946599794342858,7.8387492173057485,0.013374137647972016,0.9705744426660466,0.01605141968598148,Range
2022-07-15,-0.0026366291469178175,1,129.93725371480846,-0.26366291469178177,8.05375963553403,0.003619648160868287,0.9821999786953978,0.014180373143734082,Range
2022-07-18,-0.0069714412214640226,1,129.03140378805722,-0.6971441221464023,7.570977602219059,0.0051543062181115895,0.9690037777024413,0.025841916079447306,Range
2022-07-19,-0.0084697429153683,1,127.93854096996328,-0.8469742915368301,8.147562991696159,8.476851569270658e-05,0.9771186371924357,0.022796594291871534,Range
2022-07-20,0.011948304728027803,1,129.46718964393168,1.1948304728027803,8.95935547685928,9.634989454664695e-08,0.9766508933797928,0.02334901027031249,Range
2022-07-21,0.005901944721622969,1,130.231297840474,0.5901944721622969,8.549460241953492,0.00010586474376327782,0.9868969015279171,0.012997233728319551,Range
2022-07-22,0.0004446219327679702,1,130.28920153182673,0.04446219327679702,8.553644286182452,0.0003115717069806699,0.9892628986377369,0.010425529655282538,Range
2022-07-25,-0.003297095327245959,1,129.85962561426555,-0.3297095327245959,8.701870721328623,5.8756037917138604e-05,0.9890550597008653,0.010886184261217501,Range
2022-07-26,0.0008341759108233377,1,129.96795138574151,0.08341759108233376,8.527963573787199,0.00036863949286580284,0.9890775691764103,0.010553791330723847,Range
2022-07-27,-0.00467534759210789,1,129.360306037179,-0.467534759210789,8.676891452252184,3.9202871037704206e-05,0.987904532206479,0.012056264922483188,Range
2022-07-28,0.002921611375896552,1,129.73824657888667,0.2921611375896552,8.610457287902104,0.00017995246995372092,0.9891882041327715,0.010631843397274776,Range
2022-07-29,-0.0005292115161000246,1,129.6695876047185,-0.052921151610002465,8.4367777955662,0.000600872457288014,0.9883313171843651,0.01106781035834704,Range
2022-08-01,-0.007710089491506618,1,128.66982347995935,-0.7710089491506619,8.948521034738842,1.0531690605624398e-06,0.9853643870983407,0.014634559732598822,Range
2022-08-02,0.0008898714167453329,1,128.78432307807185,0.08898714167453328,8.831166932444615,5.0958193586579895e-05,0.9906543082035388,0.009294733602874474,Range
2022-08-03,0.005916141516848126,1,129.5462293585532,0.5916141516848126,8.834026441293336,1.6024811475221448e-05,0.9884391527692875,0.011544822419237153,Range
2022-08-04,0.012632485787100812,1,131.18272025969762,1.2632485787100811,9.4147118681085,1.656923665983759e-09,0.9775063959118958,0.022493602431180447,Range
2022-08-05,-0.004917857091092749,1,130.53758238863963,-0.4917857091092749,9.456225826227161,1.4755000609273922e-07,0.99069336472022,0.009306487729773936,Range
2022-08-08,-0.0030893780097512383,1,130.13430245216207,-0.3089378009751238,9.489171183196433,2.391204387047423e-07,0.9918510024691135,0.008148758410447715,Range
2022-08-09,0.018956676926206277,1,132.60121638076492,1.8956676926206277,11.468577649374783,1.930084239695963e-21,0.9329783680601277,0.06702163193987216,Range
2022-08-10,-0.016761339226077247,1,130.37864241121645,-1.6761339226077248,13.08194994067445,1.5606945488892106e-28,0.9343660825829527,0.06563391741704745,Range
2022-08-11,-0.0011447453984024974,1,130.22939206026624,-0.11447453984024973,13.016670307594588,6.994179050098247e-23,0.9928050539600765,0.00719494603992357,Range
2022-08-12,0.00878658570941122,1,131.3736637754883,0.878658570941122,13.336011864642739,4.2575142255337016e-26,0.9873768480080061,0.012623151991993826,Range
2022-08-15,0.001532328835205546,1,131.57497142867805,0.15323288352055459,13.035308271869795,5.37606152005213e-23,0.9928963238283527,0.007103676171647306,Range
2022-08-16,-0.0015816935575693756,1,131.36686014403193,-0.15816935575693755,12.592824711538237,1.346584958505577e-20,0.9933943164739146,0.006605683526085346,Range
2022-08-17,-0.003118027227957505,1,130.95725469725156,-0.3118027227957505,12.03476353452536,6.995229093840598e-18,0.9935156009023532,0.006484399097646786,Range
2022-08-18,0.00024946755859882205,1,130.9899242838617,0.024946755859882205,11.87059253037706,7.306809494542142e-17,0.9942397423355317,0.00576025766446817,Range
2022-08-19,-0.00392324809435554,1,130.47601831303527,-0.392324809435554,11.965237849183644,1.1842780746562771e-17,0.9932358539326753,0.0067641460673246384,Range
2022-08-22,-0.0052348418278976355,1,129.79299699483266,-0.5234841827897635,12.057588580687838,2.4105073029309493e-18,0.9924380271976833,0.007561972802316772,Range
2022-08-23,0.005396035500248845,1,130.49336461430048,0.5396035500248846,12.20716892129174,4.9268938301077105e-19,0.9929120829374946,0.007087917062505485,Range
2022-08-24,-0.012283798969093058,1,128.89041035657783,-1.2283798969093058,12.89219315251825,4.92903963640913e-25,0.9765250746796129,0.023474925320387273,Range
2022-08-25,-0.0002932963243942144,1,128.8526072729706,-0.02932963243942144,12.840985896493306,6.960530269063077e-22,0.9932336031408793,0.006766396859120706,Range
2022-08-26,-0.014942207999980322,1,126.92726481375809,-1.4942207999980321,13.852733285225433,6.582267377744842e-32,0.9447912159900292,0.0552087840099709,Range
2022-08-29,-0.007903054394021222,1,125.92415173585063,-0.7903054394021222,13.865234821266897,5.568930128149391e-29,0.9839352369427186,0.016064763057281446,Range
2022-08-30,-0.0035236718375501914,1,125.48043634871162,-0.35236718375501913,13.872193576523598,4.2772829727666e-28,0.9893600579490719,0.010639942050928075,Range
2022-08-31,0.01856814119040146,1,127.81037480746768,1.856814119040146,15.385020018585028,1.3870603616956747e-44,0.8139425951517191,0.1860574048482807,Range
2022-09-01,-0.002980547587964031,1,127.42942990311849,-0.2980547587964031,14.576933473414663,1.6845626519353364e-32,0.9857888110580695,0.014211188941930382,Range
2022-09-02,-0.010056693157036644,1,126.14791122740672,-1.0056693157036645,14.852457310423839,5.2341106273155695e-36,0.9651841597060958,0.034815840293904186,Range
2022-09-05,-0.01121444974895173,1,124.73323181601175,-1.121444974895173,15.230838527628473,4.830123136941353e-39,0.9478129999295006,0.052187000070499576,Range
2022-09-06,-0.011130819135272812,1,123.34484877250966,-1.1130819135272811,13.349003472026824,4.451452767445635e-27,0.9783296929428789,0.021670307057121054,Range
2022-09-07,-0.0038010701137772707,1,122.8760063541521,-0.38010701137772707,12.411170346633563,6.992970815329127e-20,0.9928715893831294,0.007128410616870678,Range
2022-09-08,-0.013539664247918944,1,121.21230648399172,-1.3539664247918943,12.943157797709373,6.345624696099234e-26,0.9694985988599562,0.03050140114004399,Range
2022-09-09,0.008076461481413506,1,122.19127300838298,0.8076461481413506,12.855546820095059,3.848989147109838e-23,0.9897986744893061,0.010201325510693889,Range
2022-09-12,0.00254467191650859,1,122.50220970924983,0.254467191650859,12.91388670815862,2.1596421493008293e-22,0.9929672578179152,0.007032742182084832,Range
2022-09-13,0.021177591760536404,1,125.09651149623593,2.1177591760536405,15.614889292448538,2.5110413937083028e-48,0.6396987261990685,0.3603012738009319,Range
2022-09-14,0.005108500899537914,1,125.73556713774352,0.5108500899537914,15.83596320632169,1.0492271702735506e-41,0.9683695903502493,0.0316304096497508,Range
2022-09-15,-0.0019441643230476517,1,125.49111653397615,-0.19441643230476519,15.814033093429607,4.945771375133797e-41,0.971448134492202,0.028551865507797917,Range
2022-09-16,0.009892455387596302,1,126.73253180582817,0.9892455387596302,16.35339685542445,4.619424044350126e-47,0.9272417591963406,0.07275824080365961,Range
2022-09-19,-0.0011091314354071545,1,126.59196877091358,-0.11091314354071545,16.290674282646687,1.39446160802088e-44,0.9607259618390963,0.039274038160903656,Range
2022-09-20,0.00204622057737168,1,126.85100386234262,0.20462205773716802,16.153657795025612,1.2222943838602113e-43,0.9650083779934472,0.03499162200655284,Range
2022-09-21,0.004635351047354563,1,127.43900279595391,0.46353510473545634,15.748243373884948,5.780278200198964e-41,0.9710549489391171,0.028945051060882798,Range
2022-09-22,-0.002800124324341392,1,127.08215774435514,-0.2800124324341392,15.768594711189404,9.18890138641297e-41,0.97123395986662,0.028766040133380105,Range
2022-09-23,0.0007596860843295628,1,127.1787002911601,0.07596860843295629,14.837898623283815,4.155244916001506e-34,0.985238154321842,0.01476184567815798,Range
2022-09-26,0.0005488558975228893,1,127.24850307085418,0.05488558975228894,14.530347914623851,4.7051728454967295e-32,0.9874390360548126,0.012560963945187381,Range
2022-09-27,0.02073178455673177,1,129.88659162168577,2.073178455673177,16.092452765070238,1.3451543527628634e-51,0.5917681195536194,0.4082318804463805,Range
2022-09-28,0.0028673085293610253,1,130.25901655369228,0.2867308529361025,14.8354249721999,2.9994726679759516e-34,0.984736635031969,0.015263364968031039,Range
2022-09-29,-0.004261545270896777,1,129.70391185770623,-0.42615452708967766,14.887780228112366,9.785632912079277e-35,0.9817925170311818,0.018207482968818193,Range
2022-09-30,-0.017599951137033443,1,127.42112934672849,-1.7599951137033443,15.836426974205182,8.303550982340684e-47,0.7381366474525474,0.2618633525474526,Range
2022-10-03,0.009372116482676687,1,128.61533501332025,0.9372116482676687,15.490363628962738,2.2060536036548487e-40,0.9623379650997204,0.03766203490027961,Range
2022-10-04,-0.008431784039424168,1,127.53087828432976,-0.8431784039424168,15.223987371002934,5.384320767879192e-38,0.965931255896239,0.03406874410376095,Range
2022-10-05,0.005512789034760815,1,128.23392911172903,0.5512789034760814,15.135229348735221,9.56796082172796e-37,0.9792594014421356,0.02074059855786446,Range
2022-10-06,-0.0003159709131860905,1,128.19341092004618,-0.03159709131860905,13.998918108762396,1.1848007530944035e-28,0.990095690576597,0.00990430942340303,Range
2022-10-07,-0.0017624877208305748,1,127.9674716074082,-0.17624877208305748,13.946393177956672,2.2180269908324103e-28,0.9899461350932848,0.010053864906715181,Range
2022-10-10,-0.00332779725020661,1,127.54162180727717,-0.332779725020661,14.090482171864391,2.021842800696148e-29,0.9884818899957265,0.011518110004273432,Range
2022-10-11,-0.006883878948714845,1,126.66364072183309,-0.6883878948714844,12.466653341166884,8.323590359529772e-21,0.9905315638876178,0.009468436112382333,Range
2022-10-12,-0.005752572362007362,1,125.93499896294544,-0.5752572362007362,12.54755550172863,5.910557403582255e-21,0.9914484632389172,0.008551536761082792,Range
2022-10-13,-0.0041330258360691265,1,125.41450635856626,-0.41330258360691263,12.61890899423452,5.0497246291483644e-21,0.9924177404622263,0.007582259537773651,Range
2022-10-14,-0.004150369286980392,1,124.89398984323385,-0.4150369286980392,12.133926384490927,1.5922410743131233e-18,0.9929950161172918,0.007004983882708242,Range
2022-10-17,-0.010228180217146363,1,123.6165516070788,-1.0228180217146363,12.597342204228964,1.4008193714813953e-22,0.9846811960307527,0.0153188039692473,Range
2022-10-18,-0.005808242659768225,1,122.89855667858114,-0.5808242659768226,12.640763047732555,1.8471420518126086e-21,0.9912404003034702,0.008759599696529846,Range
2022-10-19,-0.0029792417261710192,1,122.5324121704381,-0.2979241726171019,12.43375176312266,6.874554782216453e-20,0.9931872111467803,0.006812788853219654,Range
2022-10-20,-0.009168580894628743,1,121.40896383723944,-0.9168580894628744,12.69546020774161,1.0392391045400308e-22,0.9867036731294856,0.013296326870514387,Range
2022-10-21,-0.004396768265618561,1,120.87515675787826,-0.4396768265618561,12.66520696266891,2.589144552869401e-21,0.9921956339428007,0.007804366057199236,Range
2022-10-24,0.0010661874599753264,1,121.00403233423607,0.10661874599753264,12.683088349120936,4.869306952597422e-21,0.9935014215923429,0.006498578407657105,Range
2022-10-25,-0.010002896739303806,1,119.79364149375733,-1.0002896739303806,9.519554687809219,2.6123778628541267e-09,0.9833105224684617,0.016689474919160393,Range
2022-10-26,-0.013394129807942272,1,118.18910990942383,-1.3394129807942272,9.707475960503285,1.6643580487699222e-11,0.9707886774624555,0.029211322520901153,Range
2022-10-27,-0.0035074679030368486,1,117.77456539992805,-0.3507467903036849,9.717042142965338,3.490252031995093e-08,0.9921591824850039,0.007840782612475863,Range
2022-10-28,-0.004026919934705411,1,117.30029665471781,-0.4026919934705411,8.457474197002226,0.00020773768106909548,0.9871340697567905,0.01265819256214044,Range
2022-10-31,-0.003370518619936009,1,116.90493382071907,-0.33705186199360093,6.811485954083696,0.47258050816483477,0.5108257749260836,0.01659371690908187,Range
2022-11-01,0.00574325580049071,1,117.57634875999088,0.574325580049071,7.6079850759667265,0.023904358574002374,0.955748450703985,0.020347190722012697,Range
2022-11-02,-0.00619087703998165,1,116.84844804200777,-0.619087703998165,6.743128837822606,0.21540679915547045,0.7525612258910613,0.032031974953468025,Range
2022-11-03,-0.00968746579098503,1,115.71648269887113,-0.968746579098503,6.768501372458571,0.016005596677727833,0.9240614311151435,0.05993297220712836,Range
2022-11-04,0.0111331687910684,1,117.00477383266642,1.11331687910684,8.841743069490835,4.675723956979492e-07,0.9785950012421857,0.021404531185418473,Range
2022-11-07,-0.011136611502805512,1,115.70173712251837,-1.1136611502805511,9.139376694322717,1.4059452586754002e-08,0.9774057897643773,0.022594196176169954,Range
2022-11-08,-0.003896119224337196,1,115.2509493602261,-0.3896119224337196,9.112413944697252,2.8814497543694672e-06,0.9903473879577123,0.00964973059253339,Range
2022-11-09,-0.0034988784098228926,1,114.84770030179803,-0.34988784098228926,9.112817442452819,3.3415191952462303e-06,0.9905851155458882,0.00941154293491645,Range
2022-11-10,-0.009236854397733283,1,113.78686881619582,-0.9236854397733283,9.258412640933015,3.5756199884832686e-08,0.9839018134861931,0.016098150757606865,Range
2022-11-11,0.019554885124608783,1,116.01195796458545,1.9554885124608783,12.6822462690068,4.506757289810338e-28,0.911809701684772,0.08819029831522782,Range
2022-11-14,0.011000992644627072,1,117.28820466084264,1.1000992644627072,13.438379068973227,1.6255944541557976e-27,0.9823414490254438,0.017658550974556094,Range
2022-11-15,0.009540776334998757,1,118.40722518824532,0.9540776334998757,14.041799419018275,1.2108212983363698e-30,0.982054423992384,0.017945576007616034,Range
2022-11-16,-0.0007615540377049793,0,118.31705168780977,-0.07615540377049794,14.03963883123009,6.490044512570322e-29,0.9898423648948782,0.010157635105121843,Range
2022-11-17,-0.001924946880000186,0,118.08929764831248,-0.19249468800001862,13.762077207193085,2.8956454215207152e-27,0.9905997523774842,0.009400247622515706,Range
2022-11-18,0.005612920404206293,0,118.75212347660108,0.5612920404206293,13.925819500457678,8.488292066015731e-29,0.9885561749816509,0.011443825018349011,Range
2022-11-21,0.0008964096171910228,0,118.85857402214737,0.08964096171910228,13.922852500823943,3.381416217180931e-28,0.9904678759536854,0.009532124046314677,Range
2022-11-22,-0.0036367393654141494,0,118.42631636708403,-0.36367393654141494,13.546537867557717,3.744817437582928e-26,0.9905174341433777,0.009482565856622372,Range
2022-11-23,0.004217037083357436,0,118.92572453484944,0.4217037083357436,12.748945300534109,1.0896077087449908e-21,0.992752300495925,0.007247699504075029,Range
2022-11-24,-0.0008106421296102241,0,118.82931833224708,-0.08106421296102241,12.676701239418364,5.251149675662836e-21,0.9934190186261118,0.00658098137388812,Range
2022-11-25,0.0032078384910573608,0,119.21050359345938,0.3207838491057361,12.595716141744589,9.949870552718773e-21,0.9932996338653056,0.006700366134694333,Range
2022-11-28,0.003988863229526435,0,119.68601798781664,0.3988863229526435,12.540371419288663,1.558324205298828e-20,0.9931361740526349,0.006863825947365171,Range
2022-11-29,0.0018184358719575805,0,119.90365933629744,0.18184358719575805,12.428910918201206,1.0008961675769066e-19,0.9937527773726792,0.0062472226273208335,Range
2022-11-30,0.0030481299019165303,0,120.26914126566962,0.30481299019165303,12.148520855317054,2.188847364849333e-18,0.993803770470602,0.006196229529397998,Range
2022-12-01,-0.0016867715383472451,0,120.0662747012412,-0.1686771538347245,11.487795313674221,3.9974837671508606e-15,0.9941389562018199,0.005861043798176098,Range
2022-12-02,-0.0006228919032824501,0,119.99148639087251,-0.06228919032824501,10.977307068921078,8.578441716720391e-13,0.9942486971926333,0.005751302806508843,Range
2022-12-05,0.001588585765547192,0,120.18210315813988,0.15885857655471922,9.948839134354435,1.0383521458892224e-08,0.9933742173684573,0.006625772248021221,Range
2022-12-06,-0.0037420260545815657,0,119.73237859682773,-0.3742026054581566,9.937034655766237,5.3383244743096185e-09,0.9924503198065195,0.007549674855156008,Range
2022-12-07,-0.00028623031437536943,0,119.69810756046104,-0.028623031437536944,9.768347907969313,4.639646975408617e-08,0.9931105062576067,0.0068894473459236,Range
2022-12-08,-0.006943033546073023,0,118.8670395842673,-0.6943033546073023,9.444183625967968,5.121813737532605e-08,0.9886574681502864,0.011342480631576288,Range
2022-12-09,0.008075631502196331,0,119.82696599370684,0.8075631502196331,7.2773038301990125,0.035021196637534016,0.9342850815527379,0.030693721809727823,Range
2022-12-12,0.006588155892576602,0,120.61640472580785,0.6588155892576603,6.6665060713756645,0.49723435353365414,0.4819482206967458,0.020817425769599978,LowVol_Bull
2022-12-13,0.007274534603213582,0,121.49383293570095,0.7274534603213583,6.34039725474674,0.6792925675283599,0.30269708767190806,0.018010344799732087,LowVol_Bull
2022-12-14,0.0004398708426631004,0,121.54727453037275,0.04398708426631004,6.30294140535477,0.9209444112501851,0.07579711088144858,0.0032584778683663034,LowVol_Bull
2022-12-15,-0.0010811524029365382,0,121.41586340244386,-0.10811524029365382,6.251608060753511,0.9176079145073175,0.07880209617799443,0.0035899893146880534,LowVol_Bull
2022-12-16,0.0027189420591644687,0,121.74598610009852,0.27189420591644686,6.0746781868150235,0.9539271918198376,0.04371168962497372,0.002361118555188629,LowVol_Bull
2022-12-19,-0.000287597154768271,0,121.71097230089167,-0.0287597154768271,6.0983797640498345,0.9511393809875588,0.0464885936504676,0.0023720253619736076,LowVol_Bull
2022-12-20,0.0019682697276624515,0,121.95053232319589,0.19682697276624514,5.82813305779969,0.9763639132230856,0.022186494188157282,0.0014495925887571626,LowVol_Bull
2022-12-21,-0.00023841869756875602,0,121.92145703611158,-0.023841869756875602,5.764209034206919,0.9779255983665459,0.020667974575143883,0.0014064270583101985,LowVol_Bull
2022-12-22,0.004216354496779436,0,122.43552111973968,0.42163544967794353,5.801823972655297,0.9683871759335934,0.02945433909745017,0.002158484968956454,LowVol_Bull
2022-12-23,-0.001254708942033845,0,122.28190017656817,-0.1254708942033845,5.843920481272667,0.9688188980621462,0.02929094012153339,0.0018901618163204698,LowVol_Bull
2022-12-26,0.000703704054312174,0,122.3679504454914,0.07037040543121739,5.757595005404274,0.979949356521748,0.018768673237627712,0.001281970240624343,LowVol_Bull
2022-12-27,0.00039294985992980203,0,122.41603491447886,0.0392949859929802,5.756726692490986,0.9796081175206703,0.01908808728084369,0.0013037951984859113,LowVol_Bull
2022-12-28,0.00506889910917666,0,123.0365494448058,0.506889910917666,5.893124441603609,0.9504289388453128,0.046266486768264656,0.003304574386422584,LowVol_Bull
2022-12-29,0.001398380470305563,0,123.20860135268319,0.1398380470305563,5.797502110880611,0.9783874692843314,0.020267090154204186,0.0013454405614644008,LowVol_Bull
2022-12-30,0.0033548391781104943,0,123.62194639558135,0.3354839178110494,5.794554725996951,0.9741264372447438,0.02416787937650759,0.0017056833787486023,LowVol_Bull
2023-01-02,-0.006555811149140446,0,122.81150426112275,-0.6555811149140446,6.460530638007733,0.35849423215851267,0.608261307781931,0.033244460059556426,Range
2023-01-03,-0.0025528429780446006,0,122.49798577484665,-0.25528429780446005,6.355486771192548,0.8481747455716054,0.14542326056709168,0.006401993861302725,LowVol_Bull
2023-01-04,0.003040662176879606,0,122.87046076693618,0.3040662176879606,6.365477073933546,0.8942109833982009,0.10141920424976908,0.004369812352029992,LowVol_Bull
2023-01-05,0.00026853697574015013,0,122.90345602887834,0.026853697574015012,5.592153922373453,0.9852386968799909,0.013677080893580216,0.001084222226428957,LowVol_Bull
2023-01-06,0.0029992127612951495,0,123.27206964260743,0.29992127612951497,5.089483460314645,0.9926842578360604,0.006444631972179525,0.0008711101917600961,LowVol_Bull
2023-01-09,-0.002804683719006838,0,122.92633047587253,-0.2804683719006838,4.9142877003689796,0.9883359831801805,0.010011276200684949,0.0016527406191345784,LowVol_Bull
2023-01-10,-0.005636104639320747,0,122.2335048143828,-0.5636104639320747,4.848166622497244,0.9564581085115316,0.03584533371241495,0.0076965577760532864,LowVol_Bull
2023-01-11,-0.003591509013938554,0,121.79450208003664,-0.3591509013938554,5.040973880107781,0.9821543107751108,0.015498679025490368,0.0023470101993987844,LowVol_Bull
2023-01-12,-0.0002664237921450167,0,121.76205312693004,-0.026642379214501667,5.023783861263978,0.9932090356126992,0.005970537556438895,0.0008204268308618247,LowVol_Bull
2023-01-13,-0.003100755754534252,0,121.3844987400128,-0.31007557545342523,5.0532810033761795,0.9851973319020572,0.012922005257467844,0.0018806628404749656,LowVol_Bull
2023-01-16,0.001295728360039998,0,121.5417800774995,0.1295728360039998,5.078498622649665,0.9935761590161822,0.005682081148190534,0.0007417598356272611,LowVol_Bull
2023-01-17,0.000789089254477692,0,121.63768739012875,0.0789089254477692,5.032936759903476,0.9938041981190335,0.005454333809375947,0.0007414680715904769,LowVol_Bull
2023-01-18,0.0015756257945587575,0,121.8293428679711,0.15756257945587576,5.0685164401244505,0.993636337234829,0.005619362435764914,0.000744300329406098,LowVol_Bull
2023-01-19,0.005093521148132726,0,122.44988320233223,0.5093521148132726,5.174507946374371,0.9867194318558625,0.011654568293673792,0.0016259998504636662,LowVol_Bull
2023-01-20,0.0013582505329235498,0,122.61620082144822,0.13582505329235497,5.172868907186326,0.9927974777955798,0.006436681164707226,0.0007658410397129289,LowVol_Bull
2023-01-23,-0.0002908096905113904,0,122.58054284203565,-0.029080969051139043,5.170579935977491,0.9919363213630031,0.007207775585844436,0.0008559030511524027,LowVol_Bull
2023-01-24,-0.0010439985459343938,0,122.45256893354872,-0.10439985459343938,5.184620481682769,0.9906412592579416,0.008367254617764866,0.000991486124293539,LowVol_Bull
2023-01-25,0.0037932403543827972,0,122.9170609595253,0.37932403543827975,5.037544405832747,0.9920608875509538,0.006917656532216671,0.0010214559168295373,LowVol_Bull
2023-01-26,-0.0010671207271663252,0,122.78589361605303,-0.10671207271663252,5.019918185854861,0.9922075996012618,0.006837459161006734,0.0009549412377314501,LowVol_Bull
2023-01-27,0.003487575023550767,0,123.21411863187275,0.3487575023550767,5.032475002830786,0.9925693329462947,0.006482910738813262,0.000947756314892111,LowVol_Bull
2023-01-30,-0.0006239580210571044,0,123.13723819424492,-0.06239580210571044,4.438040951923049,0.9948099428150226,0.004132450164596388,0.0010576070203811047,LowVol_Bull
2023-01-31,0.0028977490694099125,0,123.49405901163199,0.28977490694099123,4.421726092344733,0.9952859878796697,0.003706438574722233,0.0010075735456080614,LowVol_Bull
2023-02-01,0.0008541682710675782,0,123.59954371850507,0.08541682710675783,4.315959171884748,0.9956310935486072,0.003382358234664436,0.000986548216728325,LowVol_Bull
2023-02-02,-0.0003681153639197791,0,123.55404482748882,-0.03681153639197791,4.3224739684849425,0.9950206152991291,0.003859874679665661,0.0011195100212051507,LowVol_Bull
2023-02-03,0.0038248246225292062,0,124.02661738035808,0.3824824622529206,4.400899554769399,0.9944888411119377,0.004271650601576827,0.0012395082864855194,LowVol_Bull
2023-02-06,0.004668655852777372,0,124.60565497349106,0.4668655852777372,4.498101144336449,0.9931083180437258,0.005409648201448681,0.001482033754825436,LowVol_Bull
2023-02-07,0.001812751843574772,0,124.83153410426411,0.1812751843574772,3.8391590427670623,0.9944582679051638,0.0036592695963103185,0.0018824624985259502,LowVol_Bull
2023-02-08,0.0006780843333830208,0,124.9161804118524,0.06780843333830208,3.4312764811667082,0.9901874589546852,0.005343982520243403,0.0044685585250712895,LowVol_Bull
2023-02-09,0.004883670128743902,0,125.52622983072652,0.4883670128743902,3.6081630289382915,0.987921429673906,0.006770427857622651,0.005308142468471463,LowVol_Bull
2023-02-10,-0.00010014849732293716,0,125.51365856743435,-0.010014849732293716,3.2358466170912696,0.9844156241702615,0.007515966781502017,0.008068409048236707,LowVol_Bull
2023-02-13,0.0025459899455554814,0,125.83321508017693,0.25459899455554813,3.2467775484485104,0.9859628732568365,0.006690067865600705,0.007347058877562625,LowVol_Bull
2023-02-14,0.00042780775323340717,0,125.88704750520252,0.042780775323340715,3.2632793945049796,0.9862397090386225,0.006761633960955089,0.006998657000422536,LowVol_Bull
2023-02-15,-0.004035961666777589,0,125.37897220712773,-0.4035961666777589,3.851260474306766,0.9783068221531804,0.013773558346149262,0.007919619500670256,LowVol_Bull
2023-02-16,0.0019487290929922764,0,125.62330185791721,0.19487290929922763,3.609763704841354,0.9927400092967588,0.004315859582084686,0.0029441311211565904,LowVol_Bull
2023-02-17,-0.001388262580692336,0,125.44890372868484,-0.1388262580692336,3.7317176468689435,0.9909458560038733,0.005699818344764796,0.003354325651361974,LowVol_Bull
2023-02-20,0.0018518558928325983,0,125.68121702030422,0.18518558928325984,3.699726295002728,0.993554973571773,0.0040045140153006946,0.0024405124129262806,LowVol_Bull
2023-02-21,-0.0015219066555993757,0,125.48994193963719,-0.15219066555993757,3.742708555270876,0.9907351441817791,0.0058535497474185875,0.0034113060708022957,LowVol_Bull
2023-02-22,0.0033366331223105613,0,125.9086558364298,0.3336633122310561,3.7045230097111066,0.9925895748054606,0.00452527087326862,0.0028851543212708775,LowVol_Bull
2023-02-23,-0.0038972007130015423,0,125.41796453313101,-0.38972007130015424,4.054488281239622,0.9829011421837609,0.011803257960397594,0.00529559985584126,LowVol_Bull
2023-02-24,-0.004749252482460802,0,124.82232295372685,-0.4749252482460802,4.437608997014746,0.9767877710997703,0.017733865676798667,0.005478363223430969,LowVol_Bull
2023-02-27,-0.0021092352948569454,0,124.55904330456681,-0.21092352948569454,4.524728724637959,0.9924206739863258,0.006103391915436983,0.0014759340982371913,LowVol_Bull
2023-02-28,0.007329200546955262,0,125.47196151288287,0.7329200546955261,5.066985870316061,0.9703037680756542,0.024974861813017734,0.004721370111328118,LowVol_Bull
2023-03-01,0.0018514246381213177,0,125.70426339382124,0.18514246381213176,5.080756517447603,0.9934916363352233,0.00575158735177077,0.0007567763130058731,LowVol_Bull
2023-03-02,0.0021448876614243912,0,125.97388491736308,0.2144887661424391,5.0791873475869425,0.9933960670755694,0.0058300525877738475,0.0007738803366567378,LowVol_Bull
2023-03-03,-0.0012047817125410705,0,125.82211388455688,-0.12047817125410705,5.018324428944256,0.9919837016520657,0.007029859185963156,0.0009864391619711396,LowVol_Bull
2023-03-06,0.0010068835645817558,0,125.94880210308818,0.10068835645817557,4.800118993760492,0.9949960392885052,0.004266281040136184,0.0007376796713585433,LowVol_Bull
2023-03-07,0.005960294509455951,0,126.69949405673577,0.5960294509455951,5.158319787134403,0.9822119634054983,0.01544583851368347,0.002342198080818064,LowVol_Bull
2023-03-08,0.0013059584032958662,0,126.86495832569251,0.13059584032958663,5.162005581972631,0.9928964497223074,0.006341492555216486,0.0007620577224761294,LowVol_Bull
2023-03-09,-0.004983465924990319,0,126.2327311288011,-0.4983465924990319,5.307641436703043,0.9525728360265592,0.04202757429635565,0.005399589677085174,LowVol_Bull
2023-03-10,0.0015170510804653685,0,126.42423262995015,0.15170510804653684,5.323058354819458,0.991093520100134,0.008074277510623944,0.000832202389242134,LowVol_Bull
2023-03-13,0.0029585752129318065,0,126.79826823092304,0.29585752129318066,5.347419358496577,0.989631739473487,0.009384308099653403,0.000983952426859561,LowVol_Bull
2023-03-14,-0.001380719144795306,0,126.62319543444971,-0.1380719144795306,5.384018511505157,0.986630049199099,0.012170822074227566,0.0011991287266734025,LowVol_Bull
2023-03-15,4.001565795310521e-05,0,126.62826234492715,0.004001565795310521,5.1377137661708066,0.9925779468242983,0.0066128695572689866,0.0008091836184326243,LowVol_Bull
2023-03-16,-0.001286748279576488,0,126.46532364620904,-0.12867482795764879,5.145138508031797,0.9906043363291709,0.008359993738992415,0.0010356699318366377,LowVol_Bull
2023-03-17,0.00019898000578656553,0,126.49048771703997,0.019898000578656552,5.105156230926991,0.9929805064533651,0.006232291886270081,0.000787201660364823,LowVol_Bull
2023-03-20,0.0015670070897020254,0,126.68869920807244,0.15670070897020252,5.095540556465403,0.9934367827135465,0.005813801836996446,0.0007494154494570803,LowVol_Bull
2023-03-21,-0.0011938572819340315,0,126.53745098198415,-0.11938572819340315,5.080402178228539,0.9914611846673509,0.007544356682911236,0.0009944586497378112,LowVol_Bull
2023-03-22,0.005978139563108166,0,127.29390952391442,0.5978139563108167,5.360309555127972,0.9760193744002399,0.021320718531880996,0.0026599070678790643,LowVol_Bull
2023-03-23,-3.35525243677446e-05,0,127.28963849191324,-0.00335525243677446,5.104236648053437,0.9928057208362671,0.00638612147975436,0.0008081576839785239,LowVol_Bull
2023-03-24,0.007585040102316008,0,128.25513550448372,0.7585040102316007,5.219500477588927,0.9589711348469606,0.035158175099060336,0.005870690053979239,LowVol_Bull
2023-03-27,0.0004929926955629815,0,128.31836434945586,0.049299269556298146,5.069508351304914,0.9934319383578779,0.005807940259529899,0.0007601213825922196,LowVol_Bull
2023-03-28,-0.003504934360961793,0,127.86861690510504,-0.3504934360961793,4.869908208829703,0.9851452924097512,0.012596259623893035,0.0022584479663558003,LowVol_Bull
2023-03-29,-0.00043310906325817614,0,127.81323584821716,-0.04331090632581761,4.881385830707561,0.9938899946382171,0.005271083578330283,0.0008389217834526061,LowVol_Bull
2023-03-30,0.0039202253392913375,0,128.31429253408615,0.3920225339291338,4.984085570227289,0.9922872930307922,0.006666623987028916,0.0010460829821789042,LowVol_Bull
2023-03-31,0.0008247366725436679,0,128.4201180367505,0.08247366725436678,4.920695606250935,0.994455072726922,0.004811648068216382,0.0007332792048616112,LowVol_Bull
2023-04-03,0.0019729537020100356,0,128.67348498404368,0.19729537020100354,4.932108182233208,0.9943859798847366,0.0048675099491660824,0.0007465101660972423,LowVol_Bull
2023-04-04,0.0022843380634313126,0,128.9674187235471,0.22843380634313126,4.611391085058956,0.9953642906756129,0.00381063056051728,0.0008250787638697472,LowVol_Bull
2023-04-05,0.003140285177136392,0,129.3724131968982,0.3140285177136392,4.678735170184192,0.9947280562271167,0.004365257844916609,0.0009066859279667056,LowVol_Bull
2023-04-06,5.959479119345889e-05,0,129.38012311884887,0.005959479119345889,4.136812664182604,0.995072514937893,0.0036313527717687917,0.0012961322903381903,LowVol_Bull
2023-04-07,-0.0038895695282664157,0,128.87689013440246,-0.38895695282664156,4.515792911860992,0.9848689183165911,0.01194211976479921,0.0031889619186096924,LowVol_Bull
2023-04-10,0.001424665809117521,0,129.06049663336233,0.1424665809117521,4.45844043880397,0.9956915316886178,0.0034447732026178122,0.0008636951087643903,LowVol_Bull
2023-04-11,0.003300404398643573,0,129.4864484641422,0.33004043986435727,4.452098429010444,0.9949814009140674,0.0039600090712976176,0.0010585900146349448,LowVol_Bull
2023-04-12,-0.003816784557184363,0,128.9922265872796,-0.3816784557184363,4.775222557409381,0.9839741472638336,0.01333738705556144,0.0026884656806049506,LowVol_Bull
2023-04-13,-0.0026291203148799836,0,128.6530905038974,-0.26291203148799835,4.880469027637587,0.9893306869351323,0.009122657680731878,0.0015466553841358836,LowVol_Bull
2023-04-14,0.0026799391132705823,0,128.9978729531819,0.26799391132705824,4.915069901473478,0.9941385215544385,0.005055721407770766,0.0008057570377907616,LowVol_Bull
2023-04-17,0.006379021440543394,0,129.82075315053478,0.6379021440543394,5.274137829846476,0.9751731562289289,0.021770256796637286,0.0030565869744337715,LowVol_Bull
2023-04-18,-0.002902723948433706,0,129.44391934136104,-0.2902723948433706,5.4112737180017065,0.9781134367972307,0.019866151899528388,0.002020411303240903,LowVol_Bull
2023-04-19,-0.0009740710680013352,0,129.31783176460192,-0.09740710680013352,5.143203470324037,0.9912349560432311,0.007803271587739936,0.0009617723690289917,LowVol_Bull
2023-04-20,-0.0026226563935457517,0,128.978675526325,-0.26226563935457514,5.2787827337314415,0.9836769384060856,0.01465384506013389,0.0016692165337805335,LowVol_Bull
2023-04-21,0.0009824020498936659,0,129.10538444155463,0.09824020498936659,4.608439628885411,0.9954817910046195,0.003728535241505342,0.0007896737538751255,LowVol_Bull
2023-04-24,-0.0067653192524189856,1,128.23194529860126,-0.6765319252418985,5.250761257088972,0.8755791396644781,0.10721880264149565,0.017202057694026447,LowVol_Bull
2023-04-25,-0.006921329334608534,1,127.34440977397212,-0.6921329334608534,5.673768083539425,0.7617743348924184,0.2146369168372057,0.02358874827037576,LowVol_Bull
2023-04-26,-0.015671755321242164,1,125.34869934246642,-1.5671755321242165,7.8991135243030515,9.90330210479763e-08,0.9063630751681641,0.09363682579881458,Range
2023-04-27,-0.011293339671908736,1,123.93309390335997,-1.1293339671908735,8.476991877643455,9.106078896528669e-07,0.9699873659087731,0.03001172348333714,Range
2023-04-28,0.0010187970295217905,1,124.05935657128819,0.10187970295217905,8.48500033012456,0.0004818216931260125,0.9887472511250904,0.010770927181783628,Range
2023-05-01,0.00034163952353022284,1,124.10174015075668,0.03416395235302228,8.410461741338583,0.0007569934267434201,0.9881245413044194,0.011118465268837245,Range
2023-05-02,0.007917120815703496,0,125.08426862096924,0.7917120815703496,8.990385108527898,1.873151176735245e-06,0.9868435186687811,0.013154608180042123,Range
2023-05-03,-0.001573155366101361,0,124.88749163257329,-0.1573155366101361,8.820961915336548,4.3122010597184464e-05,0.9903346903862331,0.009622187603169576,Range
2023-05-04,-7.222954170506735e-05,0,124.87847106628797,-0.007222954170506735,8.817502880356251,5.4217118060665166e-05,0.9905893632256961,0.009356419656243205,Range
2023-05-05,-0.0028271542139993314,0,124.52542037057512,-0.28271542139993316,8.791407438624063,3.811198951532496e-05,0.9897236010164177,0.010238286994067017,Range
2023-05-08,0.001045090162163492,0,124.65556066234369,0.10450901621634921,8.77452305416578,7.432340484351037e-05,0.9904066641279867,0.009519012467169706,Range
2023-05-09,-0.0007379663990854275,0,124.56356904711572,-0.07379663990854275,8.583054555206694,0.00023449626947429178,0.9893580269457823,0.01040747678474341,Range
2023-05-10,0.002035257778852154,0,124.81708801998043,0.20352577788521542,8.662725762900934,0.00014568977048638501,0.9897275846018393,0.010126725627674417,Range
2023-05-11,0.0002498044031513921,0,124.84826787815638,0.02498044031513921,8.678928988141948,0.00013824307694578522,0.9899782353817483,0.009883521541305769,Range
2023-05-12,-0.0018799504193747747,0,124.61355932460063,-0.1879950419374775,8.538449683711208,0.0002523933060472528,0.9888068471873539,0.010940759506598731,Range
2023-05-15,0.0036497082906202533,0,125.06836246519131,0.3649708290620253,8.245286577591715,0.0014779613832386128,0.9855684289940365,0.012953609622724713,Range
2023-05-16,0.0030673049368073815,0,125.4519852708192,0.3067304936807381,8.414782748281722,0.000601768216038582,0.9877338647088981,0.011664367075063218,Range
2023-05-17,0.0040223189621808875,0,125.95659317001724,0.40223189621808875,8.644040800663753,0.00011244231691272727,0.988881864977468,0.011005692705619265,Range
2023-05-18,-0.0007607028080874655,0,125.86077763589567,-0.07607028080874655,8.631562516701857,0.0001714192105121372,0.9896317667858567,0.010196814003631021,Range
2023-05-19,-0.0014840390674164354,0,125.6739953248286,-0.14840390674164355,8.592836983708821,0.00019481316624685142,0.9892563468296565,0.010548840004096598,Range
2023-05-22,0.0010985999425563425,0,125.81206076887328,0.10985999425563425,8.384204414819648,0.0008955792474938108,0.9878199741956325,0.011284446556873544,Range
2023-05-23,-0.006406003201027519,1,125.00610830486,-0.6406003201027519,8.337298734410831,0.00012410102887259382,0.9835212483581374,0.016354650612989897,Range
2023-05-24,0.004432761941488325,1,125.56023062420736,0.4432761941488325,6.459923133234108,0.8205545316760057,0.17206663247322634,0.007378835850767932,LowVol_Bull
2023-05-25,-0.010162882508475848,1,124.28417675263641,-1.0162882508475848,6.203020416278965,0.05632748340315531,0.8517596418444652,0.09191287475237979,Range
2023-05-26,0.002668259064819678,1,124.61579913387028,0.2668259064819678,6.261067815940708,0.9246984873875419,0.07197486733796678,0.003326645274491299,LowVol_Bull
2023-05-29,-0.006324246774976814,1,123.82769806808676,-0.6324246774976814,6.67864951090947,0.24035553293156345,0.7267703797195447,0.03287408734889204,Range
2023-05-30,0.009661777853460366,1,125.02409377892599,0.9661777853460366,6.97847585024534,0.04348355736702684,0.9116728385383058,0.044843604094667304,Range
2023-05-31,-0.00010848364357505768,1,125.01053070969816,-0.010848364357505767,6.954422972036214,0.5336150618013024,0.45439264174800303,0.011992296450694485,LowVol_Bull
2023-06-01,-0.00838552993555993,1,123.96225116217174,-0.8385529935559931,7.5736358945148785,0.00177850243298381,0.9675963742469236,0.03062512332009257,Range
2023-06-02,-0.007422994549104317,1,123.04208004750024,-0.7422994549104317,7.939289213003516,0.000586989781068093,0.9771494071909853,0.02226360302794672,Range
2023-06-05,0.0005250607528959671,1,123.10668461468785,0.05250607528959671,7.927246441953577,0.012247410057201024,0.9737586709280619,0.013993919014737365,Range
2023-06-06,-0.02594149606689311,2,119.91311303994767,-2.594149606689311,11.988057122309911,1.4507789995552781e-30,0.4604872288440396,0.5395127711559607,HighVol_Crash
2023-06-07,0.031700124264977814,2,123.71437362431432,3.1700124264977814,16.89231409390647,1.3706246272563489e-70,0.011256187047359405,0.9887438129526402,HighVol_Crash
2023-06-08,0.007251866701216464,1,124.61153377086234,0.7251866701216464,17.10895485278495,3.1471451545031988e-52,0.9010676391295779,0.098932360870422,Range
2023-06-09,0.0003544561533503386,1,124.65570309578584,0.03544561533503386,17.095461621602208,5.539841995147128e-51,0.9265789209510122,0.07342107904898795,Range
2023-06-12,-0.006717491352750129,1,123.81832948816891,-0.6717491352750129,17.203422456401,1.4106249803144853e-52,0.882212168233768,0.11778783176623188,Range
2023-06-13,-0.0067791686974592695,1,122.978944144731,-0.6779168697459269,17.291498549905747,2.5391873181813877e-53,0.8725049833171319,0.12749501668286822,Range
2023-06-14,0.011825133606405644,1,124.43318659001716,1.1825133606405644,17.802696523567676,6.184837784668429e-60,0.7179573891311491,0.2820426108688508,Range
2023-06-15,0.002256960049352043,0,124.71402732096439,0.2256960049352043,17.830135529356607,2.4192408758972437e-57,0.8586211198779814,0.14137888012201877,Range
2023-06-16,0.0006143202787667568,0,124.79064167699434,0.06143202787667568,17.828739233979665,3.3608089073252036e-57,0.8606767884059792,0.1393232115940209,Range
2023-06-19,0.0023071750993589133,0,125.07855553810452,0.23071750993589132,17.846403064006033,1.7217735283914324e-57,0.8564279310198517,0.14357206898014815,Range
2023-06-20,-4.3084193682053126e-05,0,125.07316662939225,-0.0043084193682053126,17.696766095007536,4.939003612054023e-56,0.8755492653168859,0.12445073468311428,Range
2023-06-21,0.005389270165129923,0,125.74721971476637,0.5389270165129922,17.731153142695483,5.148295716526463e-57,0.853586447324925,0.14641355267507497,Range
2023-06-22,0.0017808669127284305,0,125.97115877772399,0.17808669127284305,17.31319918811616,7.080088962978938e-53,0.9109845744371315,0.08901542556286832,Range
2023-06-23,-0.0015097073027696458,0,125.78097919937889,-0.1509707302769646,17.31470065520771,8.438905740531056e-53,0.9082170551787383,0.0917829448212618,Range
2023-06-26,0.0036805457007257373,0,126.24392184160425,0.36805457007257375,17.153493920722592,8.758003999039045e-52,0.9183329384705505,0.08166706152944954,Range
2023-06-27,0.007224435122439198,0,127.15596286455117,0.7224435122439198,17.01190534199874,2.022789330933302e-51,0.9088732257945702,0.09112677420542986,Range
2023-06-28,-0.0032783725771502225,0,126.7390982428749,-0.32783725771502226,17.073929813618147,6.22442665186934e-51,0.9192775420231691,0.08072245797683068,Range
2023-06-29,-9.898368080601808e-05,0,126.7265531404288,-0.009898368080601808,16.73644455769264,4.5800295173695273e-48,0.9453199485621105,0.05468005143788948,Range
2023-06-30,0.0013764864914145318,0,126.90099052893014,0.13764864914145317,16.42681011782756,1.093602462979753e-45,0.9573599172708057,0.04264008272919429,Range
2023-07-03,0.00044466841070893047,0,126.95741939070602,0.04446684107089305,16.427529978131346,1.2043206593703075e-45,0.957424656463857,0.04257534353614296,Range
2023-07-04,0.004285362755542736,0,127.50147798730278,0.4285362755542736,12.81485558557598,4.639441044239637e-22,0.9926164569173255,0.00738354308267444,Range
2023-07-05,-0.001261708660918324,0,127.34060826824631,-0.1261708660918324,7.146941127790164,0.30386091410694044,0.6800983408147081,0.016040745078351373,Range
2023-07-06,0.001517842913942572,0,127.53389130816342,0.1517842913942572,6.812090351463544,0.6769145515399138,0.31385577988745694,0.009229668572629487,LowVol_Bull
2023-07-07,0.007853826769280944,0,128.53552039771003,0.7853826769280944,7.202194201501993,0.054919362768088203,0.9143030192876059,0.030777617944305977,Range
