date,Level,Slope,Curvature
2020-01-03,-2.3566605977347286,1.3970689881641096,0.4112474734621513
2020-01-06,6.818600079686348,-0.24191706525381573,-0.735812307600691
2020-01-07,2.7357652098364347,2.2009064362276183,-1.0771772050919897
2020-01-08,7.8398569432198135,-2.900343651709543,-0.7444520665928158
2020-01-09,1.1715374367059057,-0.19445080588874492,1.2243675572728019
2020-01-10,3.6173064680290565,-0.16556760758226083,0.6227428019192697
2020-01-13,-1.9818074320951575,-2.913130167586824,-0.5225249141195629
2020-01-14,-2.7817737675796947,0.7684896113539579,-0.4977248635204376
2020-01-15,-6.663624033491688,-0.9810078935803587,-0.38028462539428737
2020-01-16,0.3649848241598006,-0.17528799641235288,0.7285728548802404
2020-01-17,-1.3762568314045343,-1.9142607438169144,1.3379865654167178
2020-01-20,-3.024058500576018,0.9652267424704694,-0.85951557939732
2020-01-21,-4.923123709541492,-3.955562933855953,0.1185063712654276
2020-01-22,-2.0766824251559,-2.2621967001035586,0.14021182101766508
2020-01-23,6.015599964741861,3.887969499330967,0.20457775096123867
2020-01-24,-13.462439697277029,3.0142013821887965,-0.7257104894031245
2020-01-27,-6.349670850984097,-1.795192687681669,-0.19777761143095296
2020-01-28,-0.4720204896786213,1.1136382439400656,-2.657788335063247
2020-01-29,-5.458622924668003,0.4679155459383165,-0.7445637718629232
2020-01-30,4.300125680702723,0.5024678456186566,-1.238802250999746
2020-01-31,-5.962140198553933,-2.4189306388214025,1.2176833932954367
2020-02-03,4.818672982771932,3.0458003972886374,-0.61829205312176
2020-02-04,-2.598720801882278,-1.3932018770712729,-1.306035204963821
2020-02-05,1.833066245109413,-0.4129657968032139,-0.38485000254040735
2020-02-06,1.2453932491806752,-3.4125731611588748,-0.7059839000202514
2020-02-07,4.783338923172406,-1.0439895857574422,-0.636035586087075
2020-02-10,-0.4195460686235439,-2.6913067724938977,0.32194912826043326
2020-02-11,10.93129404925737,4.569287987409084,0.4648270134344923
2020-02-12,-4.394543856636361,-1.5783383969607983,-0.8501104673294605
2020-02-13,-15.81468165404006,-2.8843241266806943,-0.5177522716319012
2020-02-14,-0.40592043970701414,-1.7826374714332074,0.37426304617605183
2020-02-17,5.855629770428294,2.354885012174343,-1.9409758739409955
2020-02-18,-2.7567244519475347,1.800470342702055,0.23472193887588633
2020-02-19,-8.147466287545589,-1.3207051076167045,-0.15435311298863155
2020-02-20,1.0825717849775716,-0.7306627195300501,-0.47023828944889806
2020-02-21,-4.978100391838885,1.1761618918735661,0.16444028755351164
2020-02-24,3.1885213236696592,-0.3336564244486886,0.927570226788353
2020-02-25,-11.937210185730518,-1.5653278463677844,0.2326758594765389
2020-02-26,5.535146286103838,-1.6099503746469712,0.027895044900001845
2020-02-27,-0.06102031451108656,1.4019205485493682,0.19566711439243986
2020-02-28,-2.8025108783331922,2.5146630916591604,1.0800600227971398
2020-03-02,2.249057232069192,-1.1478872115101493,-0.8538196807254574
2020-03-03,6.61710024720611,3.550226952585383,-2.0367087102190884
2020-03-04,10.062069083648563,0.01712188151702052,1.6687610951735674
2020-03-05,-0.6823196426494111,3.416734829281003,-0.8430852366910788
2020-03-06,7.988311477264177,-1.5704836720676416,0.20991926477832618
2020-03-09,3.807019073387432,1.2802454302164559,0.6820144081079023
2020-03-10,1.379142887305192,-0.7533896271145999,-0.4117328924656051
2020-03-11,5.8519788447017875,-0.1233916101565743,0.7497623417365603
2020-03-12,2.742054872793754,2.075289885018236,0.20468026667341174
2020-03-13,0.5931553748077827,0.1334193156719835,-0.3191918233631771
2020-03-16,-2.907891229735188,1.4813488637392085,-0.3150246804073386
2020-03-17,-6.325258640536245,0.13874184956257626,-0.2009977910441556
2020-03-18,5.002587656361872,4.835992047154934,-0.9049100834335345
2020-03-19,-1.6594271430088605,2.109034956969395,-1.1061986282181269
2020-03-20,-0.6365585406411509,-0.9232848702327514,0.4698111285861745
2020-03-23,1.5024944382947896,-0.7703211841535335,1.0692189234938965
2020-03-24,4.12087004445583,3.7710855546800444,-0.7241688655627909
2020-03-25,4.892219881456447,0.5002944406826703,0.08771026244114336
2020-03-26,1.1372894804630254,-2.713478719120269,0.7703933609005688
2020-03-27,-6.414398125465066,-0.03567411794933131,-0.7833949707133939
2020-03-30,-4.334974458457121,1.0763691600615077,-0.41610029037123825
2020-03-31,4.932486823716941,-1.304932589677062,1.3734077757036514
2020-04-01,0.7432564566128697,-1.8601555366065714,2.5797128629163306
2020-04-02,4.419241501115262,-0.5386068215781559,1.6145372669097997
2020-04-03,-10.73250840440082,0.4205194662748211,-1.3732749161556326
2020-04-06,-3.5961196603475187,-0.8729643448813558,0.2658903438922613
2020-04-07,-0.28176671991223645,-0.14185045703377103,-0.323560385093546
2020-04-08,12.93925121654279,2.9854090806744016,0.8636228846786695
2020-04-09,-7.6472006477229355,0.28861339881280257,-1.3893544620579206
2020-04-10,-2.4523138241617026,1.0305179659938404,0.15951813069028822
2020-04-13,2.7055414751035216,1.790878040889679,-1.5801286946570863
2020-04-14,-1.8097306324562066,1.6892286945722244,0.9939062630484767
2020-04-15,-2.9261549711257775,0.46902184746804904,0.9921910554912728
2020-04-16,2.304455573943051,0.14773606320315535,-1.6080460164224726
2020-04-17,-6.622181895486356,-0.5524696919139856,-1.241311398954318
2020-04-20,-3.4348725005211542,0.7276978879346121,-0.42343271878049554
2020-04-21,-3.262917078668481,-0.9476416922022805,-0.32728583452160814
2020-04-22,-1.248316037762476,0.44354920093633815,0.18893463178520886
2020-04-23,-1.4490251841190784,0.19909763665709457,-0.940478663264235
2020-04-24,-3.908001807828597,-1.6979670296623812,-2.0054716146320333
2020-04-27,0.4156482002888955,-0.5613384618172482,0.4602664795761356
2020-04-28,2.050361385356007,0.6512447339006032,0.5251247461726971
2020-04-29,0.07775231354390202,2.556616258667149,0.15955778071554055
2020-04-30,0.2002530928784848,-1.1052601964550486,1.4298503450792468
2020-05-01,4.923029298619118,4.325292551762577,-0.35974506391416355
2020-05-04,3.7356170807487894,-0.10693524800610307,-0.33607885868888826
2020-05-05,0.020825763919981602,-1.9171653340210368,0.6488336385777057
2020-05-06,-4.59885963906941,-0.05799268574351063,0.8076590277580235
2020-05-07,-1.2520681587439941,-0.2578946994793586,1.1492166687455052
2020-05-08,-0.23115954971921002,-0.5552192623916538,0.06356505373726565
2020-05-11,2.1037048579934083,3.3212898816682737,0.2187500563217634
2020-05-12,1.623680784889934,0.7378908460846871,-0.0801771678582601
2020-05-13,10.41629379486293,0.5546584644575354,-0.12631845667053737
2020-05-14,6.727747929347799,2.797310836329208,0.09591751374811566
2020-05-15,5.184024872028283,-1.5272103447585128,0.26101925771646506
2020-05-18,-3.816590414524687,2.2140737855388206,0.448043935102864
2020-05-19,3.032739787823379,-1.9869242608162665,0.9209330931870655
2020-05-20,-10.968215173706508,3.1039429590631333,0.4620847407956065
2020-05-21,-1.8915412534018616,-0.6984393890274595,-0.7749519053375883
2020-05-22,-4.6780352438784405,-2.165222327470512,1.0440107696656753
2020-05-25,4.447823545477477,1.8728991458859334,0.44822331527974085
2020-05-26,-3.4932829283487616,-2.140228515453039,-0.5998783528237013
2020-05-27,3.85907003478759,0.556400591686147,-1.2400020977318733
2020-05-28,-3.6584594262410195,-0.6338588277332708,-0.7719958769129086
2020-05-29,0.19591809319235207,2.170206239448645,-0.24947420625734948
2020-06-01,4.229285269616785,-0.27446873509421216,-1.0016032995386037
2020-06-02,-4.571699763954363,-1.1289345629251144,0.2195336998371163
2020-06-03,-1.282914808718455,-4.298834002289188,0.03671209227442541
2020-06-04,7.020475697659239,-1.8240778974842435,-0.2979592063995081
2020-06-05,-4.682622939659525,-3.4515254120979098,-0.36987410307069046
2020-06-08,2.2450087867807293,-0.7031478339356856,-1.3646555005499026
2020-06-09,-2.375582319251984,-2.312625691530215,-0.7339628497462575
2020-06-10,-2.119712952168641,-0.10445602524198948,-0.7251067577781417
2020-06-11,-8.186213836969678,-1.3409881426124792,0.5701673593949962
2020-06-12,4.279601480863847,0.6943587641816109,0.07336303191418167
2020-06-15,2.4264592532948988,-0.3461533540960387,-0.9709815155082051
2020-06-16,4.19106858883351,3.7277645648540174,-1.206849985376088
2020-06-17,-2.130118892194352,0.008305164348322708,-0.3449016916440507
2020-06-18,-4.7946685235367905,-0.3336417330650805,-0.5627391750023641
2020-06-19,3.2192741826973195,1.4638555982752055,-0.6363585386810791
2020-06-22,-1.6243761455652073,-0.5159041489756395,-1.3450546723480952
2020-06-23,0.02741516298061791,3.4040495016646553,0.8789201415760963
2020-06-24,3.3518482507050305,-0.5197836825732275,1.3638165741379615
2020-06-25,-0.05087804545165836,-2.5293351262525117,0.8738041716828486
2020-06-26,1.3722233737765872,0.5635138208117508,0.04328804801690669
2020-06-29,-3.6829687981108568,2.087157295837081,0.7937090392193255
2020-06-30,2.6390671819245437,-1.6413939677260594,-0.8935577730012408
2020-07-01,-3.0772528285222815,-2.3147834241322496,0.5828810325879269
2020-07-02,-1.598239682628868,0.8809050012338385,0.4214577116599125
2020-07-03,-1.262422631186216,1.3514385294968856,-1.5894479141274944
2020-07-06,1.2184162920228754,-0.5404057065549859,0.5938559055977652
2020-07-07,3.281365430521363,1.506101457101222,-0.14474981939648107
2020-07-08,2.2785366954022734,-0.12121096296693133,1.1773137853948223
2020-07-09,-3.8437274977449607,0.8709882932759584,1.031523125891783
2020-07-10,-3.1118715221194204,-1.537113508678438,-2.790702112476126
2020-07-13,-4.550448548558549,1.2341602264812406,0.9525456825229547
2020-07-14,-6.087249146443816,-0.13046300936153613,0.8528165714577592
2020-07-15,7.553278777015086,2.10851352639122,-0.8442654126587664
2020-07-16,-7.607523931723001,-2.1344735595063793,1.5795445350312491
2020-07-17,-0.7951442767429346,-0.15174404726355809,1.5259013931919814
2020-07-20,-5.828037883578214,2.9326565869536023,-0.8387305756414568
2020-07-21,0.5440501571497994,2.7846687733964774,-1.5383727048620268
2020-07-22,1.8490135351285948,-0.15879315013548412,-1.8425485985770094
2020-07-23,-12.225282211781735,0.33874475199592946,-0.3439533604496565
2020-07-24,-2.46051535366581,0.5328982628430432,0.7256961870047832
2020-07-27,-1.3226168329080623,-1.4784994775319198,1.0769250009657196
2020-07-28,2.6111853423467144,-0.808902471881689,-0.22163252066543096
2020-07-29,2.190266561695267,-1.9331670268121814,3.0323629807876533
2020-07-30,-3.9724931103351255,-1.3533780585821746,-0.5615478326523985
2020-07-31,3.0156638947155727,-2.389111624631808,-0.4579250794948213
2020-08-03,11.631775540176095,-3.7516593855881077,1.1205754141065791
2020-08-04,-7.582164331664594,0.8902929130756365,0.030724435350446014
2020-08-05,5.868361742751468,-0.10532495844522138,-2.8603219918597294
2020-08-06,8.258613541880425,0.6296289510310363,1.1856879713727269
2020-08-07,3.670652884728214,0.8185648037579695,-0.4586027290607121
2020-08-10,-6.950619580929723,-4.530323848594906,0.3780488589615821
2020-08-11,3.604171041026588,-2.4954354329768735,-0.6026922587397898
2020-08-12,-3.440798402444668,0.050891568432781455,1.224820545645246
2020-08-13,-0.5893377701096274,-0.2940691884000176,0.7951773371647557
2020-08-14,-5.398033977100324,0.8392372467514334,-1.6572780527212627
2020-08-17,-3.781695607580745,-3.9316465978970734,2.133164328626573
2020-08-18,-6.42457635066694,0.7411372817470699,0.8088521208669004
2020-08-19,8.48430207867554,0.0205980735871577,0.9826868393054005
2020-08-20,-3.931725277552907,-3.20018772691915,-0.5237137881076502
2020-08-21,-5.393970582550698,0.848165536036998,-0.43741338543802577
2020-08-24,0.9094478078596946,1.3323497421405743,-1.7189666650788347
2020-08-25,1.5183841177439028,-0.6486856615139747,-1.0786286028303151
2020-08-26,-10.400660174910314,-0.3826453029773829,-0.1746395141769587
2020-08-27,2.141728493641236,-0.13596932455277175,1.1963045847633123
2020-08-28,-1.2771567716107668,0.699126826828912,-1.2206837819797436
2020-08-31,-0.6885134728477744,-0.5647121714176717,-1.2147482451321254
2020-09-01,-2.909544794477643,-5.118821060671581,0.5838553371124612
2020-09-02,-2.182058369260886,-0.917669114719008,-1.9099950807984631
2020-09-03,15.50229190283085,-1.6734058083525885,0.6270817965962788
2020-09-04,5.767036326991305,-1.9665498082248578,1.5368604506652899
2020-09-07,12.636094914763392,0.849055700060088,-0.04834325345789505
2020-09-08,5.420969139724025,-2.906275539508105,0.35191409676353363
2020-09-09,2.5894837828138324,-3.423885257297649,-0.31451305369949534
2020-09-10,-2.5152197015293156,0.4188648695925683,0.22417546938310223
2020-09-11,1.0706052307746008,-2.7826474853127943,1.821155066498451
2020-09-14,-6.490596541453033,-0.6346248707415747,0.8601432249009467
2020-09-15,4.5924025999836475,-0.8386528303698186,0.29630523534682524
2020-09-16,1.1089237105146805,-0.9247418471474848,0.4444085822642186
2020-09-17,7.997979849865442,2.0075733851928623,-1.3450944544540469
2020-09-18,3.452801684950292,-2.8061393291111254,1.7040014216373773
2020-09-21,-2.0022472340535606,0.5427596990825496,-1.5030335334341913
2020-09-22,-0.22912419142206433,-0.3030761794530814,-0.9715449275569245
2020-09-23,-0.761808514214757,-1.2108848436288076,1.465803611249568
2020-09-24,-3.4415665545249072,-0.33702089666006196,-0.9605334834849704
2020-09-25,-6.509448455254235,-3.2356056521531835,0.546535073444321
2020-09-28,-4.225861890774899,-1.2210491322093155,-1.5553519988304054
2020-09-29,1.1944864116061424,-1.0132041052122083,0.7087534212530398
2020-09-30,3.2796056557916544,-1.511921284864169,0.6761624435163017
2020-10-01,-3.7893924268340653,2.2633563218547543,1.5091842621970943
2020-10-02,-1.6242941416951084,-1.348438419087586,-0.030667442085559035
2020-10-05,-8.387383301699927,1.7797904784548761,0.11903495921228409
2020-10-06,-1.004427122488743,-2.8065613333661603,1.3141406718875202
2020-10-07,-0.2857440516527699,1.7376487414506736,-0.651576020562599
2020-10-08,-1.7431834650764675,2.824124860906911,0.5677377423568638
2020-10-09,4.83048293747559,0.5437325919903335,0.08297808849241353
2020-10-12,2.65959164906668,-0.876111647878401,-0.6590269337290491
2020-10-13,-3.30805111739784,0.9418584237709989,0.38218501371346764
2020-10-14,-1.4363422688559648,1.034488551507794,0.2926318552112657
2020-10-15,-17.553209962973025,2.698020505947112,1.036523450625987
2020-10-16,2.713027189384239,-1.1035943872044995,-0.9465594450118867
2020-10-19,-6.464464051407732,-2.086236081328403,-1.4813768323256098
2020-10-20,0.31156890188182507,1.4594526524444422,-0.839890003258327
2020-10-21,4.4755343794572795,-0.799857394420853,0.7857024334775372
2020-10-22,1.5234291690530677,1.054468255508774,-1.072433479428321
2020-10-23,8.12578857296868,-3.6821900765712745,0.4451434702608853
2020-10-26,-4.1502599912307145,1.611210393954909,0.05354106493795383
2020-10-27,7.252326436474886,1.4923885552516198,0.8759871051578992
2020-10-28,-3.931511942067673,-3.3000283565991597,0.25202871019375267
2020-10-29,-4.004879802609415,0.24421222372121992,0.3094753353237266
2020-10-30,0.4200056485286618,-2.753232656238145,0.9927404188054655
2020-11-02,3.862110858705146,0.9352054979346712,1.8589598491701853
2020-11-03,10.319881172845202,-3.9648272120440113,0.30729126561592757
2020-11-04,0.8690050276075105,-1.1912680902335684,-0.32929401859662777
2020-11-05,1.1871049380895793,-2.14419771077168,1.6839336074051448
2020-11-06,-4.603298957411379,-4.352366619155157,0.25297067438366844
2020-11-09,3.206473803992353,0.31830740519565387,-2.663028490121747
2020-11-10,-11.712818298775282,0.31205215453704055,-0.6019674164982964
2020-11-11,-6.694933134951787,2.1263754695915225,0.772569535667338
2020-11-12,3.596315124786465,-1.6294007715564136,0.20175612614072702
2020-11-13,4.617991988054001,-1.0293162895180523,1.183011231178996
2020-11-16,-1.6869314668056925,6.87318860797873,0.7749733705802695
2020-11-17,-2.430855126993673,-1.549746439938351,-0.2641836191799868
2020-11-18,-2.0927294349762384,1.1063125939026037,-2.044402163361764
2020-11-19,-5.144376272888357,-3.0886797961504793,-1.0311575691297772
2020-11-20,-0.7343480669055859,-0.7377014034424785,0.4644166246673078
2020-11-23,4.505391747825312,2.2678092175611475,2.0878839806544742
2020-11-24,1.091344894892779,0.15881995490870954,-0.058998356373172745
2020-11-25,1.129136658858765,-3.157640225448949,-0.1790620942403317
2020-11-26,2.5257944492869475,-4.09035387873758,0.7715363025549141
2020-11-27,-6.8722621232216845,2.511450594757505,1.4574243791154227
2020-11-30,6.8154112659149,-0.2830513685406768,0.7892620440433633
2020-12-01,2.827033367096691,-0.2728181541678938,-0.5982277270615558
2020-12-02,0.7090724031970385,-1.1199957000600025,-0.4748229967669887
2020-12-03,6.730566058245805,3.2857612693002274,1.5901116125815153
2020-12-04,3.8306444804532482,-0.06631901095313261,0.8681120075123561
2020-12-07,-2.7591054485643083,0.5625544682939565,0.3224687861632848
2020-12-08,6.076654090358178,2.3953482321303476,-0.3899421037391004
2020-12-09,9.861041521630105,0.49957416078921846,-0.3766917028255329
2020-12-10,-3.8478661165504477,2.419468900142336,-0.00078590726724239
2020-12-11,-6.33340921665117,1.8737572243898117,0.32756206142287014
2020-12-14,8.894450176154555,-1.831005859296382,-1.3756303957283171
2020-12-15,6.762647085119057,-3.4104650605980127,0.9944580948344581
2020-12-16,1.3637853734956062,-1.642273054163809,-0.741375863113475
2020-12-17,4.927231172656131,-0.75524629233182,0.9907751755496828
2020-12-18,-0.840985665234709,2.180507087114733,0.3086469039723341
2020-12-21,4.637140636551631,2.0424709224486506,-0.18157691167718193
2020-12-22,1.1405412683482097,1.1770401277507934,0.028204199043206854
2020-12-23,4.300629026872881,-0.2517773727145428,-0.4560781789606289
2020-12-24,-8.759086838805375,-2.01432179518975,-2.6931972031895177
2020-12-25,2.5538309165952575,1.7559930623995257,0.09501232703992214
2020-12-28,-3.204988225545914,-2.463203282583145,0.1465506098317245
2020-12-29,-7.486516259820121,1.7485101025530758,0.6124769219598302
2020-12-30,8.391214820984406,-1.117022356861454,0.7645778440010295
2020-12-31,-4.945839381185704,-3.55849303232593,1.3281924248048778
2021-01-01,0.08616087722023381,1.1416271619265626,-1.0431448620311041
2021-01-04,-2.8962219560101006,-0.7385044569896166,-1.3641166951856951
2021-01-05,-2.8931643883977802,2.5534508005317282,1.552509469594512
2021-01-06,-7.350296549489097,-0.38583423623036733,0.8804093627139589
2021-01-07,6.551362325681673,-0.6446616165765359,-1.4989153850386383
2021-01-08,-0.40349385748993943,-0.04532376812116569,0.702114660252061
2021-01-11,-1.74984251138702,-2.4266941969336253,-0.5942845737574625
2021-01-12,-0.23129152214367976,2.409692477462718,1.6361093117650638
2021-01-13,-0.19531657122482896,3.295175988268578,-1.583431429482126
2021-01-14,-3.235815242223389,-1.7960613864756745,-0.5943458795296065
2021-01-15,2.8073370309789527,0.30856824111333736,-1.692437875912365
2021-01-18,1.309881182154358,0.5998019162010828,0.2900326794689054
2021-01-19,3.753095538936419,1.263753716317218,-0.7512483937305889
2021-01-20,7.068724913262682,1.3183041087586866,-0.03745148090326307
2021-01-21,-4.958718815930803,-1.4326152878936187,-0.5832568869183197
2021-01-22,0.03320471235684921,2.4214177306086078,1.6977394676403035
2021-01-25,1.3347685461123562,3.162932380023513,0.5927205109277066
2021-01-26,-3.7678199122511167,7.254048302220962,-0.9543941372709938
2021-01-27,3.314619783644153,0.8719398417890533,0.798536995755879
2021-01-28,-4.221699201447992,0.30663149407186086,0.7739829471958168
2021-01-29,-1.8170945962088192,-1.9729189977077477,-0.6648217330186431
2021-02-01,-1.7167443190835492,1.3446930700793787,0.3907139750315358
2021-02-02,7.5856545519504905,0.7298531766911414,-1.419102177957186
2021-02-03,2.538813839019417,1.0888103914014835,-0.3136549249293094
2021-02-04,-5.8587228983352,1.6710630813237843,-1.3525895368231386
2021-02-05,4.899178818505409,-0.4039856510924046,1.2501402373960868
2021-02-08,-2.540594977785549,2.684993918418478,0.6018931081260241
2021-02-09,-2.2318880448796614,1.2392693634435117,0.21308982176964708
2021-02-10,3.2242560106524834,1.9947782521251531,-0.09508549512050338
2021-02-11,-2.3644909487987222,-0.8978253027611243,1.6146278604588065
2021-02-12,-0.36485962472712685,-2.041558482242627,1.2000577653729707
2021-02-15,-1.4249105405800562,0.07499052289356635,1.106378014944729
2021-02-16,0.9096780686017281,-0.5955407052811632,-0.39660449471370357
2021-02-17,4.06667521096607,0.5410066727215502,-0.7789770167654211
2021-02-18,4.410117731918304,-0.5726677546990401,-2.555680979024621
2021-02-19,1.4854118981843325,-3.9563857727260188,-1.2579988444494485
2021-02-22,-3.0331023605557945,2.2824219826180556,-0.5351498012183609
2021-02-23,3.5071458066835164,-0.19369191248924958,1.7507339589536
2021-02-24,7.518883970617926,-0.5922006720926889,-0.6010390163479925
2021-02-25,-1.1600186590039663,0.015647639978295734,-0.6347972946968818
2021-02-26,4.628600714060658,2.9430960825306838,0.5029296758334391
2021-03-01,10.452408456468062,-3.021073437635403,1.3432379648466308
2021-03-02,5.918632915063047,-1.754119893933079,0.9072714066395957
2021-03-03,2.437972864991056,1.394683458695894,0.07383149271793359
2021-03-04,0.8964515277073385,0.03392509776711181,-0.12181773461827428
2021-03-05,1.2944022633144767,-1.8158804695988022,-1.1808621689695546
2021-03-08,-6.254790398788655,2.745158878411468,0.9354602065108543
2021-03-09,-5.177869388680616,0.2118697329935106,-0.6018573733393026
2021-03-10,-5.599306130416638,1.7857821670574408,0.1860929085552647
2021-03-11,-5.904661785497463,-4.666783569180721,0.9666314723475071
2021-03-12,-7.53844755167779,1.039895627113058,1.836881956338409
2021-03-15,2.329809633828208,-0.9808339538166309,-0.143753421294145
2021-03-16,2.3517427641889075,-0.7620825011874935,1.1973872441988596
2021-03-17,3.0721001760505073,1.1135982996712046,-1.002163591574707
2021-03-18,2.058761713176565,2.814063753558475,-0.7600945549745471
2021-03-19,-1.5849476228268868,1.7380259712108297,-0.652935492959952
2021-03-22,2.4006597359974307,-1.5486775840845501,1.4519891147576465
2021-03-23,-6.363675326742553,0.1277490906252423,-1.2180230589909498
2021-03-24,0.05778760619135917,-2.166668312533764,0.47466090589888205
2021-03-25,0.1590279078188426,-2.5843013371638017,-1.558181868689543
2021-03-26,-2.1350221603184916,0.4751389614488187,0.2714576270805125
2021-03-29,-2.397766815761539,1.0015289348824794,-0.574256083586771
2021-03-30,-0.029152923969699415,-4.0653470675391485,-2.0344992391515024
2021-03-31,-0.29074830692570397,0.13435111895336924,0.7103886538803675
2021-04-01,2.245775444984333,-1.2351641454957143,-0.8735025371495664
2021-04-02,4.4287833825113045,0.05357655139456506,-0.6869690967278351
2021-04-05,1.7498544346302565,-2.746229134976799,-1.6064071768018782
2021-04-06,-4.962492001427364,4.917069843400602,1.275054570733449
2021-04-07,-2.719981920729545,0.44917273838711286,-0.6212814501304657
2021-04-08,-4.951850751667891,1.6183185277139616,0.9855186151603559
2021-04-09,3.0822552859179737,1.2796362429461732,0.8640024813799884
2021-04-12,-1.0884194846915238,2.1794768723335913,-0.5385493262784682
2021-04-13,-3.2404033892781725,-1.650850086943022,1.1531177268849788
2021-04-14,-1.7647302109915894,-1.1381238475382138,-0.8656532345943103
2021-04-15,4.582923054038325,0.01596570469056787,0.03242908319317638
2021-04-16,-3.0647383746776304,-0.6662263389945003,2.22849797570323
2021-04-19,6.809517817298611,0.12347980089419004,-0.7611402422781375
2021-04-20,-6.348916789900744,1.5028094940963839,-0.654843135267131
2021-04-21,1.997177525270035,-1.7049662382021469,-1.542734221848488
2021-04-22,-0.053773157532224704,-3.5830113458829493,-0.0980051807679097
2021-04-23,5.186919542819229,-0.6431985398782403,-1.5929052133008166
2021-04-26,-1.9837471365000556,0.017816683362240508,-0.7308033097215493
2021-04-27,-8.33046510350195,2.3444589460425087,-0.23826537848248394
2021-04-28,-5.076686988560037,-1.6673579744940337,0.6685067565063668
2021-04-29,0.6564097261970937,0.1710489506668698,-0.3413993148845515
2021-04-30,4.132019713975415,0.170381202419918,-1.794582915224768
2021-05-03,-3.9868244528281216,2.117512986951306,-0.5529108787870282
2021-05-04,8.464769994518647,1.0906296525510175,-0.6264328047212698
2021-05-05,6.98500482375571,1.9816044300683102,-1.095849909882133
2021-05-06,-5.039664241491006,-0.07325288837816955,-0.1429502837121268
2021-05-07,-4.4595671986029,-2.4715348918096858,1.283258187046679
2021-05-10,0.5375285252711671,1.1488765298189876,0.5595601519289434
2021-05-11,-1.4038581052639652,-2.8832051343726404,-0.44249625775223905
2021-05-12,0.2359113955700137,-1.9397744000658164,-0.3725532764161727
2021-05-13,-3.317224397842253,0.2731974191505334,-1.2043260535868354
2021-05-14,5.136085143711484,-1.9946994706984742,-1.2142752347870085
2021-05-17,-5.309949447248427,0.3095579597686731,-1.5972354162972342
2021-05-18,4.93160876179341,-0.2633036227592367,0.11004972712311648
2021-05-19,2.049454922375171,0.07347004925998264,0.8192843625561208
2021-05-20,1.4662493576859978,-1.5679652800625272,-0.9772712263207443
2021-05-21,0.52570524714783,0.8334975554287204,1.3641478209236155
2021-05-24,-8.306685734254177,0.5718931406907278,1.3566653722011717
2021-05-25,1.4935914173947762,0.7084473981860402,0.41459806935914884
2021-05-26,5.238065120712162,-3.3659232756203563,-0.6033061919536549
2021-05-27,4.217752984056131,-1.7140797209485343,2.002519499442898
2021-05-28,3.398826612868218,-2.0884703419840953,-0.6763509305744959
2021-05-31,-2.7032483394500497,-1.7602622801790746,0.8346850434352283
2021-06-01,-1.609124550737772,-0.5766935806818619,1.5942747167964406
2021-06-02,7.319645918170591,-2.079946676526126,-0.43618307660767724
2021-06-03,1.163412961851959,3.8386555198449615,0.8892398484928534
2021-06-04,-0.8819626702433356,-1.065663701170717,1.8243876584111418
2021-06-07,-10.917354931315826,3.2529532857235544,0.1474606361238818
2021-06-08,1.8496158561773182,1.6460809953348492,1.6923009076182478
2021-06-09,-3.6770494051102807,0.3851922023481547,-0.5216811903319052
2021-06-10,6.954778039944528,1.921902029910757,0.45333751053432586
2021-06-11,7.64657920786256,-1.8975658795365113,0.5427688448033124
2021-06-14,-3.2673489174839676,-2.601873784490576,-1.7266640740575965
2021-06-15,9.702277866162289,1.5764809822459933,0.27838837493297136
2021-06-16,4.858358065104325,1.9678909206472703,1.826943098545407
2021-06-17,-6.107502200614979,-0.7734273796801666,-0.44506912233151186
2021-06-18,-6.4003651594672695,2.0344029846517127,0.06349339653501362
2021-06-21,2.5156435799953907,0.3211812907620928,1.1889773978679632
2021-06-22,2.4726780951787912,3.750986275472151,-0.18040968785815287
2021-06-23,-1.908222993486253,-1.6999390737744262,-0.6159113093344243
2021-06-24,-5.287735088666611,-2.373670795734002,-1.753893245804022
2021-06-25,-7.024061570646236,2.2612969254751425,1.4260277446949767
2021-06-28,1.6816131630556908,-1.1333459970070698,0.6102455920243796
2021-06-29,-3.849443821574507,-0.9778914153744432,0.4944202645245186
2021-06-30,-3.3492347406327028,-3.817489220757995,-1.535992294844015
2021-07-01,-4.474537967468621,0.5282162681616575,-0.053706748527542966
2021-07-02,3.1083260988763683,0.13720916507023234,-0.2354783438873029
2021-07-05,2.8613818412603056,-4.311711149273404,0.9011113486882129
2021-07-06,-1.9112308856870541,1.0740671162445232,2.0156106256481636
2021-07-07,-2.3681768824303857,-1.79639039274908,-0.5992699474192187
2021-07-08,2.8656275709674714,-1.2338079552146115,1.0507580121254834
2021-07-09,-5.525084192431805,-2.8605070422726246,-0.8197064225564236
2021-07-12,-3.2943127103037155,0.09336954399268664,-0.4598075808818431
2021-07-13,-3.132712822171861,3.7204496640617544,1.5093039468619993
2021-07-14,6.949964115358515,-2.8661776418090508,1.234895335242206
2021-07-15,-2.119876120079986,3.426099308988729,-1.6218976500780882
2021-07-16,4.237106404895932,1.8645795622180366,-0.7358149329676091
2021-07-19,-2.6602046871662153,0.37239886239878195,0.3505796272150355
2021-07-20,-11.47117532193959,2.93263944618994,1.4225387732476995
2021-07-21,-0.45014016479141666,-1.7645725178421945,2.1514105568559843
2021-07-22,5.912424993670731,-0.45111136031032467,0.07700015344965606
2021-07-23,-2.555415466693647,0.40391620125797584,-1.6208478177749108
2021-07-26,5.065926604930678,0.2129998951232795,1.2657568062023512
2021-07-27,0.7406111445768669,1.2523743932823674,1.2375555508863527
2021-07-28,0.6224175475615867,0.7567300743555397,-0.9042957673961834
2021-07-29,0.8970356582559298,-1.7647218163678051,-0.44633802018412666
2021-07-30,-6.893462858555891,1.373920583181026,0.037031680611248834
2021-08-02,-0.6236204553199733,-2.726741462904371,1.373803081476427
2021-08-03,5.576796683919493,1.216193912556755,1.1680490163539654
2021-08-04,4.33345248287652,1.7716916370703517,-0.7516027294404705
2021-08-05,-7.496304757151315,2.2157992798753168,-1.005644900483415
2021-08-06,-7.338901152683597,0.6694638770637726,0.35591357445243305
2021-08-09,11.354384860443577,-3.0830742507201747,-2.1155923800178384
2021-08-10,-1.0292491737355633,-3.153904208654775,-1.667533005362778
2021-08-11,-0.21354122143481263,1.3034879200370209,-0.9752050394543093
2021-08-12,0.8181839254796097,-0.31041835065794393,0.09710885202419894
2021-08-13,8.397406781232874,-1.4922648511299772,-0.25415286013102123
2021-08-16,-4.346012268878818,3.085755848483998,0.5437030694890628
2021-08-17,4.830898057971497,3.8061660657746548,-0.9055788386390002
2021-08-18,3.308452543038186,-0.30980145838837975,-1.0673937631973303
2021-08-19,-1.1589051710285885,2.018689113801439,-0.6315802438796688
2021-08-20,4.72379057333176,-0.8133527259586317,-0.5469220001628179
2021-08-23,-7.318918816244588,-0.025301537943407743,-0.1650841981751761
2021-08-24,3.7318422233268675,1.7363861551376767,0.5341443931966391
2021-08-25,2.5939111831537223,-0.06940955870751879,-0.2711581607447094
2021-08-26,3.1397202490719467,2.13617315741509,0.333802956494107
2021-08-27,-5.540593870458552,2.9471659966029073,1.1007780967260286
2021-08-30,-3.39468560066143,0.9466905463572606,-0.40597187703062204
2021-08-31,2.477815737990779,-1.8108543081367279,0.026530828778666634
2021-09-01,-3.190551635541222,-0.5147151085507014,0.13192388281644707
2021-09-02,-1.8704591688648877,0.3558061036178264,-0.33597731926398305
2021-09-03,0.21962196995562086,-0.05197877161429812,0.38976630310219246
2021-09-06,7.339523727446468,-0.4289005578110153,-1.3716904767318268
2021-09-07,4.979960707452909,-0.539295606544939,1.851405439779557
2021-09-08,-2.8327854239790864,1.1675673619091318,-0.7232816308706903
2021-09-09,1.1442002449944866,-1.0829407161196851,-1.325811450052871
2021-09-10,3.8403062023286,0.6500684181304073,-0.36848967787038667
2021-09-13,1.4129369235412856,-0.21109684481614008,-0.4047804843769791
2021-09-14,-4.265568574049774,-1.8359755301659297,-0.24429373802488663
2021-09-15,4.142555607569082,0.13345650095734696,-1.2895599118507324
2021-09-16,3.628043384375469,-1.0703845980225664,0.2747851773268794
2021-09-17,9.195465486452736,-0.13411474811112112,-0.8470349124220703
2021-09-20,6.287177094368342,0.18846095861647671,-0.30076162014689983
2021-09-21,12.829778641557612,-0.18939200112703863,1.5227661155639975
2021-09-22,-6.190278421580325,1.8306891691015896,-0.5688799234401741
2021-09-23,6.171056221432056,-1.3791150139813257,-1.3901616201028524
2021-09-24,3.989138744288651,-0.25374397320755493,-0.7425282313187206
2021-09-27,5.729702576037495,-2.2787951567204687,-0.7815932881265473
2021-09-28,2.876627355730503,3.196828778290274,-0.5355081647326173
2021-09-29,-2.6439545539433076,1.6668210368429202,0.2554413008360101
2021-09-30,-3.999105352616289,-1.0280237264847638,-0.3775458075440673
2021-10-01,9.70426998350961,-0.41983918532807,-0.6013488587765812
2021-10-04,-10.272428325035031,-1.1022366940672497,-0.6364303803947593
2021-10-05,-2.9180217678850906,-0.6051154925569263,0.889919561903662
2021-10-06,3.045009603390227,-5.872497860394797,-0.8050681135246437
2021-10-07,-6.876058988568246,-3.694399693006025,-0.9492949833499668
2021-10-08,2.9934676169515715,-1.3501884638481352,1.6989783009071198
2021-10-11,-2.346164113097334,1.5782323591696819,-0.5316533020758568
2021-10-12,-6.594563003539882,1.4408891557011578,-0.027601212736884418
2021-10-13,-1.2571780354306388,-2.751957043364733,0.50452848619591
2021-10-14,-4.493777171096192,-3.4927582455722668,0.7379362851780811
2021-10-15,2.9317294457698586,1.963223010454354,-0.27897093852757776
2021-10-18,1.786462991191123,5.669135564479499,0.5720685761766036
2021-10-19,2.420002560157005,2.776496198501658,1.1072228192707096
2021-10-20,-0.6886828425678847,2.7715170868828984,-0.21013365080977145
2021-10-21,-2.2066134046244374,2.1808271014597715,-0.607902599651978
2021-10-22,-3.334175507348888,-1.3166616833754268,-0.6338658139905605
2021-10-25,6.094891023534062,-0.8398723516387244,0.6807774644787227
2021-10-26,1.6833774340655152,1.6609043332160878,0.8104040564917002
2021-10-27,4.297606448628006,1.18155854474606,-1.523563665258348
2021-10-28,-3.561543533973591,-2.761312615657657,0.07368784562774061
2021-10-29,-8.525435633340992,-1.73679010500487,2.5891974170095686
2021-11-01,-0.027242303843423087,0.7369621336462333,-0.48476047359513574
2021-11-02,5.349753578709899,0.6604808975422326,0.10547981422913975
2021-11-03,-6.563985809512815,-2.692193180878283,-0.8543975778591028
2021-11-04,0.8849659629898347,-0.589138160264448,0.8577308326484487
2021-11-05,-0.7833424156742103,-2.9329707634989606,-0.21792065642770114
2021-11-08,3.0063129905646595,-0.08934946968369768,-1.677413261590798
2021-11-09,5.768180977937181,-4.901648918436859,0.4280412562089185
2021-11-10,4.512760890236977,1.481763496658922,-1.6914655523496276
2021-11-11,-7.515475523734905,-0.2946245072712869,1.3670662060020025
2021-11-12,1.8261747098759042,5.1499778206085685,1.4361198324485935
2021-11-15,6.187806811058482,-3.018655055135187,0.42593102245713005
2021-11-16,5.140460175551261,0.22009688422957446,-0.9193300087553316
2021-11-17,-9.689319803232374,1.22748072256498,1.959110412615819
2021-11-18,0.08701783971505556,0.7445936379448542,-1.290876858600169
2021-11-19,-0.4444074328310682,-2.148844207674239,-1.2086409113808116
2021-11-22,3.5390639647380193,0.38938912178357316,0.2692971019437772
2021-11-23,6.6592023816078285,-1.2827444051732255,0.32556406202143023
2021-11-24,1.5860390772971376,0.15418732891902504,-1.09232261095655
2021-11-25,3.470282656890359,2.815891457235551,0.818629693327182
2021-11-26,-1.286038369492167,3.1223993683394027,-1.2164243677813478
2021-11-29,2.7696896987983797,-0.310689740025412,-0.5175954614692415
2021-11-30,-2.510215682003739,-2.389761279760349,1.3868733957455461
2021-12-01,6.322815824567406,-2.310058405355526,-0.12032240737002811
2021-12-02,-5.824253871153306,2.831489469912264,-1.3905555521988415
2021-12-03,1.5384490217723037,-1.6203929064055895,-0.19136223325518165
2021-12-06,-0.39961745466414883,-0.3261754393876381,-0.24445119131604362
2021-12-07,4.051058472963429,-0.15376709295933705,-0.3881411005253901
2021-12-08,-2.4861438971458285,-2.79439870226163,0.4497160847599671
2021-12-09,-4.5114200826821245,0.836440459826871,0.5240731951375809
2021-12-10,-3.0903267718472267,-2.6843631168759985,0.8775016920468804
2021-12-13,10.518341693991399,-1.3303472143219581,-1.1981771474382372
2021-12-14,-0.28981061802219055,1.2523106080294206,-1.976895161901162
2021-12-15,-2.6705106839449604,-1.7123067424805312,1.4266921052115122
2021-12-16,-5.657302361462528,1.472492687475059,-0.1321872597318761
2021-12-17,-4.740632098371618,-6.506130033702433,1.0253411488527893
2021-12-20,2.768538426028847,1.6426149645799661,-0.3186394755995663
2021-12-21,1.705739087421024,1.0852154341791806,0.5248298085624213
2021-12-22,-3.8524818913837633,1.126886274070228,0.9301052642112312
2021-12-23,-8.058682877466202,-2.689649323506736,1.2100085962151064
2021-12-24,-3.812227223089322,-2.354915502248527,-0.23851667540241422
2021-12-27,-4.018721428384567,-0.8243635566570927,0.39366761451297505
2021-12-28,-4.141563832102489,0.5268489746291074,-0.6708134803057006
2021-12-29,0.7505067838462852,-0.47696257044869617,0.1929575726077079
2021-12-30,7.06362939993498,-0.5372123604639923,0.30452179036006305
2021-12-31,-0.5141866323933355,0.08646037205628464,-0.23219415312710362
2022-01-03,-2.812681210653578,3.5163027288380224,0.9877781881271642
2022-01-04,5.058772548007976,-1.891639213730511,0.035959948175740504
2022-01-05,8.848996951012744,1.1485835190036306,0.5594908048154847
2022-01-06,2.1640383158247247,0.8261596586422877,1.0250707928296843
2022-01-07,-3.1120105419946262,-2.0207792594376635,0.024111764915847166
2022-01-10,-6.172750620147454,-0.969157650680427,-1.9991615726096945
2022-01-11,2.941525725398668,-1.1341140668424514,-0.38046606146875583
2022-01-12,0.41925355045292684,0.6168223235863172,0.9654611112886303
2022-01-13,9.73931288548798,-2.842409993926522,-0.9416554464102631
2022-01-14,-3.557670868256201,2.5409561428614165,0.9987466526727399
2022-01-17,5.5720116558734025,-1.2692784355448858,0.19954964194767363
2022-01-18,3.1267801818405037,2.281619236661622,1.443637927841824
2022-01-19,-5.06368544253967,0.9199022680255428,0.8399861559118574
2022-01-20,7.810430157109402,3.571368884847611,-1.3202055814872868
2022-01-21,-4.859889610002947,-3.4877487671174245,2.0101235299510147
2022-01-24,-0.6034611726476873,3.7493664379177387,-1.3238805301145131
2022-01-25,3.0713868529114525,1.2575533064588253,-0.2576173448124304
2022-01-26,0.5012795239134306,-1.1293015149124557,-0.6883737573297463
2022-01-27,4.1274057623298255,2.0655587085244607,-0.19702961811308697
2022-01-28,-0.7791997712664275,-2.5627546917450954,-0.4713339837638665
2022-01-31,0.19221103823027466,3.08236181563197,0.4133774577509288
2022-02-01,-1.5497886400038325,-1.1168532563419868,-2.282822257529802
2022-02-02,0.8047543667627284,2.296035606907158,0.05536050467731534
2022-02-03,-0.12786908272250122,-0.22579863267660463,0.7185984938792948
2022-02-04,1.3600094844381705,1.1373396115620835,0.8137341657552007
2022-02-07,1.5216739026669013,4.495648355952875,-0.7114658423149088
2022-02-08,-2.5037599408708044,-1.2497258784004805,1.5998851173263575
2022-02-09,-6.021619786116699,0.07289682181418249,1.13654765962987
2022-02-10,-3.0850900967027943,2.0852875768881343,-1.3840842292348503
2022-02-11,5.434400874694277,-0.3168193476941271,1.0809939779726858
2022-02-14,1.3890494321125384,2.1438684163802395,0.45134555390837583
2022-02-15,-7.382092025343,-1.6801128539322163,-2.076636684469585
2022-02-16,4.574661111857993,0.9485437551777876,-1.0346049075321437
2022-02-17,1.7828561311050135,1.0469616749372015,1.6873382540617634
2022-02-18,3.298738859298976,0.4588647737087545,0.40979574787216405
2022-02-21,4.677401979478086,-1.2180824527399736,0.9193365432450834
2022-02-22,-8.082612415344071,-0.7993163011152068,-0.3556198667653584
2022-02-23,-0.16007962252181468,-0.7436642004441497,-0.9464304359608288
2022-02-24,7.7106112126099395,-0.6438692563932776,0.10790173304216653
2022-02-25,-1.811607685008693,-2.2783979859075476,0.0444680590241593
2022-02-28,-5.9734144581292545,1.1387667968133464,0.28316856714892874
2022-03-01,0.7141487807605911,3.6451317902039455,1.4632528863891985
2022-03-02,-1.1319271148573484,-2.2061929959631907,-1.3056818235786334
2022-03-03,-2.604654132677112,0.08664731723778128,0.976758823609898
2022-03-04,-6.08783788010896,1.376717906123621,-1.6738532287876677
2022-03-07,-4.636634075997377,3.190100444000107,-1.00931985405677
2022-03-08,-4.34273012477125,-0.4094082998324307,-1.1610664802507629
2022-03-09,3.9314533315309785,1.558234836686395,1.5728758588366032
2022-03-10,-5.743154551195798,-1.203680530494865,0.4051080658715513
2022-03-11,-4.145146298948963,-1.8261251287268614,0.6478789476798045
2022-03-14,6.152521620925844,0.4196367401875602,-1.8111465188333686
2022-03-15,1.5259475825370756,2.6540972862949435,0.9029755764078551
2022-03-16,1.1546529251081807,0.017223249636145677,-0.4902406898378629
2022-03-17,-0.7484924610248882,-1.4496352787769902,0.8111046021810537
2022-03-18,-5.869855279492567,2.3822300359677255,-1.5956471211031824
2022-03-21,0.8001730941702009,6.306519605443285,1.0720032276872313
2022-03-22,-2.7983994875666576,-3.3330834973977757,1.5863071862512028
2022-03-23,4.767914391748027,3.542854253836786,1.1871926822728025
2022-03-24,-1.141013030330737,-2.7132560405595942,0.10936703954730656
2022-03-25,6.402570389693552,2.5284188640061798,-0.7452000792901637
2022-03-28,0.7651017625025317,1.746417081738495,-0.39066640113342377
2022-03-29,-4.268573116129966,4.716509694140159,0.7330805690836176
2022-03-30,-4.370719226659288,1.0294959695908057,1.1417523999609431
2022-03-31,-1.2821574266155162,0.7534702730794423,0.7383820733587952
2022-04-01,-12.132770746334396,1.8828227816060301,-2.032243715201072
2022-04-04,-1.2270992642007397,-0.550295568134887,1.6170903097173988
2022-04-05,-0.711742335514397,0.045554646970737946,-1.2897263715265195
2022-04-06,-2.171557445242862,-1.504825517045096,-0.06821169256079496
2022-04-07,-2.216964745230228,1.7382924976415048,1.4410736555133814
2022-04-08,0.8868846145581023,0.017984567741295143,-0.454090282267161
2022-04-11,13.681539575394838,-0.5994802255416183,0.5390863795788475
2022-04-12,-3.723984939530264,0.4188749715306761,0.9172589753238277
2022-04-13,-6.375598387718761,0.9113073675695397,0.6859357208705008
2022-04-14,-1.0934742506595136,2.782395943361686,1.0807232932110669
2022-04-15,-3.3034592153435547,-0.023211188100872714,0.21582941462561467
2022-04-18,-1.270031539185792,1.7596824282049492,-0.3188161191042636
2022-04-19,0.6901883459815535,-1.486760194520753,1.5286428511095287
2022-04-20,-1.5577028162910134,-3.132264246855441,-0.9459093294590685
2022-04-21,-0.563633757251135,-3.6961041446532974,0.9862322544555601
2022-04-22,1.170448883639595,1.7220703839793086,2.186859465621543
2022-04-25,-7.976795124354362,-5.522155044267689,-0.1370606983203778
2022-04-26,1.8039986901505953,2.835525824893493,0.3185048207499869
2022-04-27,-1.0079362299833399,2.3631126897425743,-1.42743468926056
2022-04-28,2.612278327984521,-1.1204130647152315,-0.3863388741228052
2022-04-29,-9.712521240861934,-0.9123380041039418,0.4292788072964051
2022-05-02,5.1986961376791925,0.13352831656408373,1.0392819985071253
2022-05-03,-1.537790492267662,-0.0051985679693873,-0.8150038457703388
2022-05-04,4.485408129673016,-0.917950800459255,-0.4927423318508176
2022-05-05,-1.1785288749860967,0.5668691442621095,-0.07031877177963491
2022-05-06,-1.376146102879967,-2.7252723604427436,0.955739288328299
2022-05-09,3.9156213302040737,2.6366365811261243,2.079777026278598
2022-05-10,5.95336288916938,-0.9509519466383152,-1.8684707747205154
2022-05-11,-0.3623950148182464,-0.7485295875494734,-2.700504656415408
2022-05-12,-6.795222726622531,0.5031006246128197,-1.1592541043742637
2022-05-13,6.1684128170221655,-1.499513046842138,-0.11227803430762649
2022-05-16,-2.646956302141219,2.732825110198986,1.7447218035730976
2022-05-17,3.339046921416986,-0.2671259482739718,-2.2618223330498535
2022-05-18,5.384563843064966,-1.0754584069931077,-0.5348362091983432
2022-05-19,0.047932379995246376,3.1236447399333556,-0.8962683306127587
2022-05-20,9.245616644353104,0.6589356331873926,0.03775956768301662
2022-05-23,1.3017816763961032,4.205916656738445,0.2314321901323112
2022-05-24,-3.657218513080048,4.2267496753744505,-1.4859829970470406
2022-05-25,6.783043519418289,1.1391390820015164,0.9373251317251926
2022-05-26,-1.2448025030581173,-0.31807320529158334,1.9616667798278866
2022-05-27,-5.633981550900593,2.153950159153162,1.9039422578407141
2022-05-30,-0.4898075662469037,1.4935907780364517,-0.09538853643353484
2022-05-31,0.8497904397068047,0.9296750633973091,-0.6111353549200407
2022-06-01,-0.06326851344736989,0.7377243410494493,0.7497269584641403
2022-06-02,5.217222457210962,1.5408758978273605,0.21470095354527327
2022-06-03,-0.5700933734850685,-1.1344501646589729,0.32108574099832676
2022-06-06,4.256333460497487,0.3491808194030948,-0.5503417926190401
2022-06-07,3.642586717928014,3.790335881901453,-0.11964775450776571
2022-06-08,-8.009646791299454,2.051676566803892,0.22115562967935584
2022-06-09,5.841388340969457,0.7742170705477405,1.5402275958489127
2022-06-10,-1.776588929178725,-0.7335712101696109,-0.6630969773373057
2022-06-13,3.221397195272752,1.9010768907568099,-0.2664797323954539
2022-06-14,-10.941365526780276,-2.038112969672545,1.1909832458118244
2022-06-15,-2.4203766268208926,3.049776577207146,-0.2100501792423127
2022-06-16,-10.822461590148814,1.8254809794184061,-0.7408626433514154
2022-06-17,6.155287218801589,1.6885102639140874,0.6823905183765185
2022-06-20,6.80482406316703,-3.882926065019372,-0.19034490232673448
2022-06-21,-0.7682117139734138,0.24822953783835655,1.1938905918938267
2022-06-22,8.96882067489935,-0.43521782533278086,-0.02688939256768973
2022-06-23,0.4269169902375602,-0.8056476814814084,-0.30879871907006856
2022-06-24,1.53021379783408,1.2935132171871522,0.33637486812749295
2022-06-27,-0.13658953982435948,1.4486743979679815,-0.5124099806704462
2022-06-28,-1.0085624609284505,3.5036309398330694,1.6838271491116674
2022-06-29,-1.2594331868681052,1.4059096004533174,0.3727291821009669
2022-06-30,3.8286246990785875,-0.7878549565414046,0.08721707539774735
2022-07-01,-6.2347375990540135,-1.3744252891203874,-0.01587703593364975
2022-07-04,-3.198033619944569,2.497187818867507,0.6015547556564644
2022-07-05,-10.250836513686346,2.436606261442574,0.2590217780621001
2022-07-06,-0.3790319493710217,-1.3542657729771719,-0.8986371085312482
2022-07-07,1.8821433268539922,0.26877699973532826,-0.3063107064222157
2022-07-08,2.770287963371662,-1.1385246312721597,0.976309093584284
2022-07-11,-2.669141439273679,0.3230202830497257,-0.428755358409046
2022-07-12,-3.6968440595223955,-0.8250798450842033,1.3950125581444655
2022-07-13,-3.4694499401078405,-1.7170250936142568,-0.67415182200775
2022-07-14,-5.974229078752285,0.9258623477899576,1.1299736390034825
2022-07-15,0.07457398209786144,-5.166656108562378,-0.45680235913616357
2022-07-18,-0.2815964851093054,1.7591787615145993,0.9751295993204769
2022-07-19,8.080188143751725,0.25868369556398824,0.4264777716860803
2022-07-20,-5.7905355068457425,0.14758140310024445,-0.804220646867421
2022-07-21,3.1828388514816,-1.3863701426448012,1.2499892519099605
2022-07-22,-0.6420950314784147,-2.584829686038215,0.4434461114485021
2022-07-25,-7.814337086023624,1.4567516175641935,-0.8478420459069324
2022-07-26,3.3365715112037813,4.010558760066723,1.3263637464609621
2022-07-27,-3.270901691049469,3.8583460888426764,-0.6014128987523674
2022-07-28,8.33561850899478,3.599074676114293,-0.011644225979569255
2022-07-29,1.4279024482271292,-1.1569053084898442,-0.29144513872704697
2022-08-01,-4.889791248915302,1.3591538080572056,0.6697275178070307
2022-08-02,-1.0840821111872028,-1.7250902766770042,0.17288306174386833
2022-08-03,3.61031648028023,0.2665355802029482,-0.4442238526892886
2022-08-04,-1.2426921418321613,-5.880891670951338,-2.1611057192742167
2022-08-05,0.529060380190009,-0.37899402022467954,0.5341362700786113
2022-08-08,3.0714520326191987,0.16352415012173874,-1.3334882085741346
2022-08-09,-9.44951353205728,-2.0532823470581554,0.6732995667339351
2022-08-10,-3.4499234116145816,2.651416225776402,0.10083042371531863
2022-08-11,-1.8972659727293621,-0.9603882480693553,-0.20726944887522553
2022-08-12,-0.09205080249297515,-5.604925557999047,-1.7248648105605258
2022-08-15,0.1902772785072439,-0.01558478455774878,0.48793491954744755
2022-08-16,7.03961160145088,-4.798182131591576,0.6401578920642831
2022-08-17,7.1015939141662265,0.5048165992762552,1.062826794208986
2022-08-18,-4.851798422651799,0.22235650218839792,-0.20752471366037686
2022-08-19,-0.8574174976724455,-1.0845130916682393,-1.383267726342429
2022-08-22,0.15749708348539754,-1.71262315794101,-0.21799596838664775
2022-08-23,-0.2882735730614295,-2.882387338699578,1.2585685805466338
2022-08-24,-2.33783943546187,-0.8713163314739815,-0.008249438032158996
2022-08-25,1.617568921748246,1.2847836696984138,-0.5099493425012919
2022-08-26,-1.905387037498791,-1.1311604118458,-1.6939714358281124
2022-08-29,6.29007640814481,-1.1706256110214608,0.36279473058763695
2022-08-30,1.4961999233883378,-1.2976096866131657,-1.1738847438669124
2022-08-31,-0.014534413186178508,-1.1346186343595726,0.9128411544371915
2022-09-01,6.086184184587296,0.0627373586203553,-1.2149372414197621
2022-09-02,-11.76695968371238,-1.3790993371066673,-0.889462120360173
2022-09-05,3.538568611123361,-1.117298058266778,2.015912483143257
2022-09-06,-2.1355437905094976,-1.8025392088221348,0.7160918992705513
2022-09-07,-1.4079076188116713,1.9980372987420993,0.8559281638320483
2022-09-08,-1.7733429657542374,-0.9758416046418341,-0.018514969817612505
2022-09-09,-1.9350377652205846,-2.8759902459351876,0.6543350253110397
2022-09-12,0.035521588814435116,2.7603519422036564,-0.8989109178125547
2022-09-13,4.474365925135798,-0.28331204351853995,0.8535975369415515
2022-09-14,-6.480081617432268,-0.3662416670446645,-1.2678039449485565
2022-09-15,-5.4145644649256495,-0.20882130085412193,-0.7120013816761818
2022-09-16,1.363418767181373,-1.140134089045744,1.223955741346763
2022-09-19,-0.15760994993882302,1.7975170905261504,-1.6265933100772574
2022-09-20,1.0747398029741475,-0.3460482584421915,-0.2925743676265241
2022-09-21,6.481411239152109,-0.11859231266646383,0.2575257522748355
2022-09-22,0.8177122559988927,-2.1720710050814267,0.16894577386630805
2022-09-23,0.5132462344078004,0.9168739737797232,1.415823686866548
2022-09-26,-0.10188812288297164,-1.5295059200750407,-0.38956604799742045
2022-09-27,-3.6179661010971897,4.165556698273161,0.8046253920449296
2022-09-28,-3.77890168645297,-0.06125928744367865,-0.1340030461501755
2022-09-29,7.014346214725682,-0.08307369099340048,-0.24157712645067075
2022-09-30,-8.448337449855972,-4.049855673824588,-0.717106273926863
2022-10-03,0.19955722260535916,-1.6866075722350602,0.48832177820472883
2022-10-04,3.250560886439162,2.4542543477017458,-0.5942516622901326
2022-10-05,-3.843100401491117,0.6585146024348947,-0.7335339529380392
2022-10-06,4.779307170483492,-2.1201797856259477,0.870541387157812
2022-10-07,-1.88015451739675,1.5815693344066946,0.41100132068932427
2022-10-10,-5.72224049759327,2.359056758314242,-0.6862365222545849
2022-10-11,7.6557588474471725,1.938384477342672,0.42195565636433574
2022-10-12,1.5253142720699022,-3.660273498651382,-0.9179468465056222
2022-10-13,3.616909607599116,0.9189103735046436,0.2365619164966633
2022-10-14,10.642131111278934,0.9433291213495067,-0.442292162352187
2022-10-17,6.327500845275699,0.19197934471961062,0.0984764052277337
2022-10-18,-3.503259799853324,2.1459329870760566,-0.2358355641207866
2022-10-19,-3.1691457951184274,-2.116635339077891,1.1012664338450426
2022-10-20,-1.281658997653783,-1.3939382341473507,-0.49492397764044965
2022-10-21,1.8953949013091949,3.36690308204906,-2.5001364903607217
2022-10-24,4.636556388096285,-4.1646341265872335,-1.6436177967339525
2022-10-25,-6.539144059800311,-0.9575131217438165,-0.8861001808019241
2022-10-26,0.6569900698247613,-1.547101128360538,0.7214191695434272
2022-10-27,3.943632006951308,-1.5180075122968937,0.5459656735026189
2022-10-28,-6.863485033205795,-0.6027802450519748,-0.2148935379614439
2022-10-31,-7.420963687964773,-0.5306391555864113,-0.04170240379111575
2022-11-01,4.247362317428745,2.705808297050765,-0.013471394426785804
2022-11-02,-3.3267109290181582,4.626952249047677,-0.4016290236977849
2022-11-03,5.5646846980044895,3.8087758543661145,-0.2840612913195556
2022-11-04,5.8020529306669415,0.13853446260251576,1.0901055147676528
2022-11-07,-4.076127589934328,3.9206369865374064,-0.9431478203960876
2022-11-08,-0.2577351816650473,-0.5841898804178546,0.47981743665878324
2022-11-09,-4.949269202410064,-1.6063086239732474,1.726479098092566
2022-11-10,-2.913416075431809,-0.5676567881650716,0.5779588397921003
2022-11-11,4.590538934086335,1.2121948795203599,-1.98405616975146
2022-11-14,-6.876664796142013,-1.009690350225336,0.7841704168242657
2022-11-15,7.3280067743371164,0.741530247214046,0.12048390811994862
2022-11-16,-0.9919957804837709,-3.4017560944929186,-0.28742106671032014
2022-11-17,-3.4878618005176376,1.6111300702043938,0.011289203209700921
